session_id,user_id,session_start,session_end,session_duration_min,device,region,channel,product_category,revenue,bounce_flag,max_funnel_stage
SES00001,USR00001,"2025-10-28 07:33:50","2025-10-28 07:40:50",7,Desktop,West,Organic,Home,0.00,Yes,Checkout
SES00002,USR00002,"2025-10-19 09:15:10","2025-10-19 09:27:10",12,Desktop,East,Email,Electronics,448.18,No,Purchase
SES00003,USR00003,"2025-10-12 02:19:00","2025-10-12 02:29:00",10,Desktop,East,"Google Ads",Beauty,1437.19,No,Purchase
SES00004,USR00004,"2025-10-05 17:55:48","2025-10-05 17:55:48",0,Tablet,West,"Social Media",Home,0.00,Yes,Browse
SES00005,USR00005,"2025-10-19 12:35:49","2025-10-19 12:37:49",2,Tablet,West,"Google Ads",Electronics,0.00,Yes,Browse
SES00006,USR00006,"2025-10-06 13:20:53","2025-10-06 13:20:53",0,Tablet,North,Email,Beauty,0.00,Yes,Browse
SES00007,USR00007,"2025-10-20 15:23:11","2025-10-20 15:23:11",0,Mobile,South,"Google Ads",Home,0.00,Yes,Browse
SES00008,USR00008,"2025-10-13 12:59:29","2025-10-13 13:10:29",11,Desktop,West,"Google Ads",Beauty,304.30,No,Purchase
SES00009,USR00009,"2025-10-17 10:27:10","2025-10-17 10:30:10",3,Tablet,South,Organic,Fashion,0.00,Yes,Browse
SES00010,USR00010,"2025-10-30 17:23:31","2025-10-30 17:23:31",0,Desktop,West,Email,Sports,0.00,Yes,Browse
SES00011,USR00011,"2025-10-23 13:33:44","2025-10-23 13:39:44",6,Tablet,South,"Social Media",Fashion,0.00,Yes,Checkout
SES00012,USR00012,"2025-10-30 17:47:53","2025-10-30 17:49:53",2,Desktop,North,"Social Media",Beauty,0.00,Yes,Browse
SES00013,USR00013,"2025-10-24 09:26:53","2025-10-24 09:40:53",14,Tablet,East,"Social Media",Sports,912.30,No,Purchase
SES00014,USR00014,"2025-10-30 17:13:50","2025-10-30 17:25:50",12,Tablet,South,"Google Ads",Fashion,948.09,No,Purchase
SES00015,USR00015,"2025-10-13 22:58:27","2025-10-13 23:10:27",12,Mobile,West,"Google Ads",Beauty,313.31,No,Purchase
SES00016,USR00016,"2025-10-26 17:56:29","2025-10-26 18:03:29",7,Mobile,East,Organic,Electronics,0.00,Yes,Checkout
SES00017,USR00017,"2025-10-29 03:56:13","2025-10-29 03:56:13",0,Desktop,West,"Google Ads",Sports,0.00,Yes,Browse
SES00018,USR00018,"2025-10-19 23:13:10","2025-10-19 23:13:10",0,Mobile,East,Organic,Sports,0.00,Yes,Browse
SES00019,USR00019,"2025-10-07 01:32:36","2025-10-07 01:32:36",0,Mobile,West,"Google Ads",Home,0.00,Yes,Browse
SES00020,USR00020,"2025-10-27 12:48:22","2025-10-27 12:48:22",0,Desktop,West,Email,Electronics,0.00,Yes,Browse
SES00021,USR00021,"2025-10-08 22:04:33","2025-10-08 22:04:33",0,Desktop,South,"Social Media",Fashion,0.00,Yes,Browse
SES00022,USR00022,"2025-10-12 05:27:26","2025-10-12 05:35:26",8,Mobile,East,"Google Ads",Sports,0.00,Yes,Checkout
SES00023,USR00023,"2025-10-28 11:26:29","2025-10-28 11:28:29",2,Tablet,West,"Google Ads",Electronics,0.00,Yes,Browse
SES00024,USR00024,"2025-10-08 17:10:15","2025-10-08 17:14:15",4,Mobile,South,Organic,Home,0.00,Yes,Checkout
SES00025,USR00025,"2025-10-11 21:31:06","2025-10-11 21:40:06",9,Tablet,North,"Google Ads",Sports,0.00,Yes,Checkout
SES00026,USR00026,"2025-10-28 01:31:26","2025-10-28 01:44:26",13,Mobile,West,"Google Ads",Fashion,522.19,No,Purchase
SES00027,USR00027,"2025-10-03 10:08:55","2025-10-03 10:08:55",0,Mobile,South,"Social Media",Beauty,0.00,Yes,Browse
SES00028,USR00028,"2025-10-11 06:44:35","2025-10-11 06:48:35",4,Tablet,North,"Google Ads",Home,0.00,Yes,Browse
SES00029,USR00029,"2025-10-11 00:33:01","2025-10-11 00:33:01",0,Tablet,North,"Google Ads",Beauty,0.00,Yes,Browse
SES00030,USR00030,"2025-10-09 04:13:16","2025-10-09 04:18:16",5,Tablet,South,Organic,Fashion,0.00,Yes,Browse
SES00031,USR00031,"2025-10-31 06:41:07","2025-10-31 06:53:07",12,Tablet,East,Email,Fashion,952.45,No,Purchase
SES00032,USR00032,"2025-10-03 09:29:58","2025-10-03 09:32:58",3,Mobile,North,Organic,Sports,0.00,Yes,Browse
SES00033,USR00033,"2025-10-23 03:47:12","2025-10-23 03:57:12",10,Tablet,West,Email,Beauty,1266.22,No,Purchase
SES00034,USR00034,"2025-10-23 03:01:18","2025-10-23 03:10:18",9,Desktop,North,"Google Ads",Sports,0.00,Yes,Checkout
SES00035,USR00035,"2025-10-24 17:17:11","2025-10-24 17:23:11",6,Desktop,East,"Social Media",Electronics,0.00,Yes,Checkout
SES00036,USR00036,"2025-10-23 23:31:34","2025-10-23 23:35:34",4,Tablet,South,Organic,Fashion,0.00,Yes,Browse
SES00037,USR00037,"2025-10-04 18:02:46","2025-10-04 18:02:46",0,Mobile,West,"Google Ads",Home,0.00,Yes,Browse
SES00038,USR00038,"2025-10-05 05:36:37","2025-10-05 05:40:37",4,Tablet,North,"Google Ads",Beauty,0.00,Yes,Browse
SES00039,USR00039,"2025-10-24 12:49:39","2025-10-24 12:58:39",9,Desktop,East,Email,Sports,0.00,Yes,Checkout
SES00040,USR00040,"2025-10-13 06:39:58","2025-10-13 06:39:58",0,Desktop,South,Organic,Electronics,0.00,Yes,Browse
SES00041,USR00041,"2025-10-22 17:52:09","2025-10-22 17:56:09",4,Desktop,North,Organic,Beauty,0.00,Yes,Checkout
SES00042,USR00042,"2025-10-02 02:00:46","2025-10-02 02:00:46",0,Tablet,North,"Social Media",Fashion,0.00,Yes,Browse
SES00043,USR00043,"2025-10-17 21:54:14","2025-10-17 21:57:14",3,Tablet,East,Email,Fashion,0.00,Yes,Browse
SES00044,USR00044,"2025-10-26 13:37:42","2025-10-26 13:42:42",5,Tablet,East,"Google Ads",Beauty,0.00,Yes,Browse
SES00045,USR00045,"2025-10-11 02:37:09","2025-10-11 02:37:09",0,Tablet,North,Email,Beauty,0.00,Yes,Browse
SES00046,USR00046,"2025-10-03 15:34:30","2025-10-03 15:38:30",4,Tablet,East,Email,Electronics,0.00,Yes,Browse
SES00047,USR00047,"2025-10-03 01:06:41","2025-10-03 01:06:41",0,Mobile,East,Organic,Electronics,0.00,Yes,Browse
SES00048,USR00048,"2025-10-16 18:22:12","2025-10-16 18:32:12",10,Tablet,South,Email,Electronics,0.00,Yes,Checkout
SES00049,USR00049,"2025-10-31 08:49:27","2025-10-31 08:51:27",2,Tablet,East,Email,Electronics,0.00,Yes,Browse
SES00050,USR00050,"2025-10-14 11:45:39","2025-10-14 11:54:39",9,Tablet,South,Organic,Home,0.00,Yes,Checkout
SES00051,USR00051,"2025-10-05 01:07:33","2025-10-05 01:07:33",0,Tablet,North,"Google Ads",Home,0.00,Yes,Browse
SES00052,USR00052,"2025-10-15 16:03:13","2025-10-15 16:03:13",0,Mobile,East,"Social Media",Home,0.00,Yes,Browse
SES00053,USR00053,"2025-10-16 06:56:30","2025-10-16 07:01:30",5,Mobile,East,"Google Ads",Electronics,0.00,Yes,Checkout
SES00054,USR00054,"2025-10-09 07:40:27","2025-10-09 07:45:27",5,Desktop,West,"Google Ads",Home,0.00,Yes,Browse
SES00055,USR00055,"2025-10-06 07:54:15","2025-10-06 07:59:15",5,Tablet,West,"Google Ads",Electronics,0.00,Yes,Browse
SES00056,USR00056,"2025-10-12 03:30:45","2025-10-12 03:30:45",0,Tablet,North,Email,Sports,0.00,Yes,Browse
SES00057,USR00057,"2025-10-11 13:12:04","2025-10-11 13:12:04",0,Tablet,South,"Social Media",Beauty,0.00,Yes,Browse
SES00058,USR00058,"2025-10-18 16:04:50","2025-10-18 16:11:50",7,Mobile,South,Organic,Beauty,0.00,Yes,Checkout
SES00059,USR00059,"2025-10-17 21:18:06","2025-10-17 21:18:06",0,Mobile,South,Email,Fashion,0.00,Yes,Browse
SES00060,USR00060,"2025-10-05 23:25:11","2025-10-05 23:35:11",10,Tablet,West,Organic,Sports,260.14,No,Purchase
SES00061,USR00061,"2025-10-02 19:18:58","2025-10-02 19:23:58",5,Tablet,West,"Social Media",Beauty,0.00,Yes,Browse
SES00062,USR00062,"2025-10-28 19:04:39","2025-10-28 19:17:39",13,Desktop,South,Email,Sports,1112.26,No,Purchase
SES00063,USR00063,"2025-10-04 06:45:35","2025-10-04 06:45:35",0,Mobile,West,"Google Ads",Electronics,0.00,Yes,Browse
SES00064,USR00064,"2025-10-03 20:40:36","2025-10-03 20:45:36",5,Tablet,West,Email,Sports,0.00,Yes,Browse
SES00065,USR00065,"2025-10-24 18:03:46","2025-10-24 18:03:46",0,Tablet,South,Email,Electronics,0.00,Yes,Browse
SES00066,USR00066,"2025-10-29 04:45:18","2025-10-29 04:50:18",5,Tablet,North,Email,Electronics,0.00,Yes,Browse
SES00067,USR00067,"2025-10-11 07:31:15","2025-10-11 07:37:15",6,Mobile,West,Email,Beauty,0.00,Yes,Checkout
SES00068,USR00068,"2025-10-14 17:49:27","2025-10-14 17:49:27",0,Tablet,South,"Social Media",Sports,0.00,Yes,Browse
SES00069,USR00069,"2025-10-05 01:15:08","2025-10-05 01:21:08",6,Mobile,West,Email,Electronics,0.00,Yes,Checkout
SES00070,USR00070,"2025-10-12 02:20:37","2025-10-12 02:20:37",0,Mobile,South,Organic,Electronics,0.00,Yes,Browse
SES00071,USR00071,"2025-10-16 17:53:10","2025-10-16 17:56:10",3,Tablet,South,"Social Media",Sports,0.00,Yes,Browse
SES00072,USR00072,"2025-10-12 22:47:11","2025-10-12 22:58:11",11,Tablet,North,Email,Fashion,388.54,No,Purchase
SES00073,USR00073,"2025-10-02 02:53:14","2025-10-02 02:53:14",0,Desktop,North,Organic,Home,0.00,Yes,Browse
SES00074,USR00074,"2025-10-31 09:48:16","2025-10-31 09:55:16",7,Desktop,South,Email,Home,0.00,Yes,Checkout
SES00075,USR00075,"2025-10-19 15:37:20","2025-10-19 15:42:20",5,Desktop,West,"Google Ads",Beauty,0.00,Yes,Browse
SES00076,USR00076,"2025-10-26 22:20:57","2025-10-26 22:26:57",6,Mobile,West,"Social Media",Home,0.00,Yes,Checkout
SES00077,USR00077,"2025-10-07 10:52:27","2025-10-07 10:56:27",4,Mobile,North,Organic,Fashion,0.00,Yes,Browse
SES00078,USR00078,"2025-10-20 03:35:12","2025-10-20 03:38:12",3,Mobile,North,"Social Media",Home,0.00,Yes,Browse
SES00079,USR00079,"2025-10-17 05:29:15","2025-10-17 05:29:15",0,Mobile,South,"Google Ads",Fashion,0.00,Yes,Browse
SES00080,USR00080,"2025-10-17 08:52:36","2025-10-17 08:54:36",2,Mobile,North,Organic,Sports,0.00,Yes,Browse
SES00081,USR00081,"2025-10-22 10:06:06","2025-10-22 10:13:06",7,Tablet,East,"Social Media",Fashion,0.00,Yes,Checkout
SES00082,USR00082,"2025-10-06 14:39:56","2025-10-06 14:41:56",2,Mobile,West,Organic,Fashion,0.00,Yes,Browse
SES00083,USR00083,"2025-10-16 23:48:29","2025-10-16 23:58:29",10,Mobile,East,"Social Media",Electronics,0.00,Yes,Checkout
SES00084,USR00084,"2025-10-09 08:54:58","2025-10-09 09:02:58",8,Desktop,North,"Social Media",Fashion,0.00,Yes,Checkout
SES00085,USR00085,"2025-10-12 15:26:38","2025-10-12 15:32:38",6,Tablet,South,Organic,Electronics,0.00,Yes,Checkout
SES00086,USR00086,"2025-10-29 09:16:35","2025-10-29 09:16:35",0,Mobile,West,Organic,Fashion,0.00,Yes,Browse
SES00087,USR00087,"2025-10-29 14:58:55","2025-10-29 15:04:55",6,Mobile,South,"Google Ads",Fashion,0.00,Yes,Checkout
SES00088,USR00088,"2025-10-30 05:12:02","2025-10-30 05:15:02",3,Desktop,East,Organic,Fashion,0.00,Yes,Browse
SES00089,USR00089,"2025-10-16 11:10:31","2025-10-16 11:13:31",3,Mobile,East,"Google Ads",Home,0.00,Yes,Browse
SES00090,USR00090,"2025-10-28 06:54:54","2025-10-28 07:01:54",7,Tablet,North,Email,Fashion,0.00,Yes,Checkout
SES00091,USR00091,"2025-10-12 15:30:36","2025-10-12 15:32:36",2,Desktop,East,Email,Home,0.00,Yes,Browse
SES00092,USR00092,"2025-10-15 02:28:29","2025-10-15 02:32:29",4,Desktop,South,"Google Ads",Home,0.00,Yes,Browse
SES00093,USR00093,"2025-10-11 16:37:03","2025-10-11 16:37:03",0,Tablet,South,"Social Media",Home,0.00,Yes,Browse
SES00094,USR00094,"2025-10-13 01:06:18","2025-10-13 01:10:18",4,Mobile,East,"Google Ads",Electronics,0.00,Yes,Browse
SES00095,USR00095,"2025-10-08 17:05:04","2025-10-08 17:11:04",6,Mobile,East,"Google Ads",Beauty,0.00,Yes,Checkout
SES00096,USR00096,"2025-10-20 16:29:51","2025-10-20 16:32:51",3,Tablet,South,Organic,Fashion,0.00,Yes,Browse
SES00097,USR00097,"2025-10-26 16:37:22","2025-10-26 16:39:22",2,Desktop,North,Email,Electronics,0.00,Yes,Browse
SES00098,USR00098,"2025-10-24 21:26:32","2025-10-24 21:26:32",0,Tablet,East,"Google Ads",Electronics,0.00,Yes,Browse
SES00099,USR00099,"2025-10-23 00:07:56","2025-10-23 00:07:56",0,Desktop,East,Email,Home,0.00,Yes,Browse
SES00100,USR00100,"2025-10-31 13:55:19","2025-10-31 13:58:19",3,Tablet,North,Organic,Home,0.00,Yes,Browse
SES00101,USR00101,"2025-10-16 04:11:54","2025-10-16 04:19:54",8,Mobile,North,Organic,Home,0.00,Yes,Checkout
SES00102,USR00102,"2025-10-07 15:29:38","2025-10-07 15:31:38",2,Desktop,North,Email,Fashion,0.00,Yes,Browse
SES00103,USR00103,"2025-10-20 12:40:01","2025-10-20 12:43:01",3,Desktop,East,Organic,Home,0.00,Yes,Browse
SES00104,USR00104,"2025-10-28 10:12:14","2025-10-28 10:12:14",0,Desktop,East,Email,Home,0.00,Yes,Browse
SES00105,USR00105,"2025-10-06 20:45:07","2025-10-06 20:45:07",0,Tablet,East,Organic,Beauty,0.00,Yes,Browse
SES00106,USR00106,"2025-10-03 08:03:01","2025-10-03 08:07:01",4,Desktop,North,"Google Ads",Sports,0.00,Yes,Browse
SES00107,USR00107,"2025-10-18 10:14:00","2025-10-18 10:24:00",10,Desktop,East,Organic,Home,203.44,No,Purchase
SES00108,USR00108,"2025-10-07 12:11:53","2025-10-07 12:11:53",0,Desktop,West,"Social Media",Beauty,0.00,Yes,Browse
SES00109,USR00109,"2025-10-26 15:45:30","2025-10-26 15:45:30",0,Mobile,East,Email,Beauty,0.00,Yes,Browse
SES00110,USR00110,"2025-10-03 10:42:16","2025-10-03 10:46:16",4,Mobile,North,Email,Fashion,0.00,Yes,Browse
SES00111,USR00111,"2025-10-22 20:27:38","2025-10-22 20:27:38",0,Tablet,South,Organic,Electronics,0.00,Yes,Browse
SES00112,USR00112,"2025-10-10 00:24:10","2025-10-10 00:30:10",6,Mobile,East,Email,Fashion,0.00,Yes,Checkout
SES00113,USR00113,"2025-10-30 06:54:52","2025-10-30 06:56:52",2,Desktop,South,Organic,Fashion,0.00,Yes,Browse
SES00114,USR00114,"2025-10-02 02:12:28","2025-10-02 02:18:28",6,Mobile,North,Email,Fashion,0.00,Yes,Checkout
SES00115,USR00115,"2025-10-09 17:56:46","2025-10-09 18:00:46",4,Tablet,South,"Social Media",Beauty,0.00,Yes,Browse
SES00116,USR00116,"2025-10-03 23:26:28","2025-10-03 23:29:28",3,Mobile,North,"Google Ads",Electronics,0.00,Yes,Browse
SES00117,USR00117,"2025-10-13 10:15:17","2025-10-13 10:15:17",0,Tablet,East,"Google Ads",Beauty,0.00,Yes,Browse
SES00118,USR00118,"2025-10-21 01:41:46","2025-10-21 01:46:46",5,Tablet,South,Email,Beauty,0.00,Yes,Browse
SES00119,USR00119,"2025-10-24 13:33:36","2025-10-24 13:33:36",0,Tablet,East,Email,Home,0.00,Yes,Browse
SES00120,USR00120,"2025-10-18 10:47:11","2025-10-18 10:47:11",0,Tablet,West,"Google Ads",Beauty,0.00,Yes,Browse
SES00121,USR00121,"2025-10-28 21:46:41","2025-10-28 21:48:41",2,Tablet,West,Organic,Beauty,0.00,Yes,Browse
SES00122,USR00122,"2025-10-05 04:21:17","2025-10-05 04:28:17",7,Mobile,North,Email,Fashion,0.00,Yes,Checkout
SES00123,USR00123,"2025-10-29 15:50:27","2025-10-29 15:58:27",8,Desktop,South,Organic,Sports,0.00,Yes,Checkout
SES00124,USR00124,"2025-10-24 12:15:18","2025-10-24 12:15:18",0,Mobile,South,Organic,Electronics,0.00,Yes,Browse
SES00125,USR00125,"2025-10-22 02:41:55","2025-10-22 02:46:55",5,Mobile,South,Email,Electronics,0.00,Yes,Browse
SES00126,USR00126,"2025-10-06 13:51:05","2025-10-06 13:55:05",4,Desktop,North,Email,Electronics,0.00,Yes,Browse
SES00127,USR00127,"2025-10-12 01:14:02","2025-10-12 01:24:02",10,Desktop,West,Email,Home,827.12,No,Purchase
SES00128,USR00128,"2025-10-25 00:41:41","2025-10-25 00:51:41",10,Tablet,North,Organic,Electronics,994.77,No,Purchase
SES00129,USR00129,"2025-10-07 23:09:34","2025-10-07 23:19:34",10,Desktop,West,Email,Fashion,1600.31,No,Purchase
SES00130,USR00130,"2025-10-26 10:09:24","2025-10-26 10:15:24",6,Tablet,North,Email,Home,0.00,Yes,Checkout
SES00131,USR00131,"2025-10-02 01:26:20","2025-10-02 01:31:20",5,Tablet,West,"Google Ads",Electronics,0.00,Yes,Browse
SES00132,USR00132,"2025-10-30 18:25:36","2025-10-30 18:35:36",10,Desktop,North,"Google Ads",Beauty,0.00,Yes,Checkout
SES00133,USR00133,"2025-10-06 13:38:21","2025-10-06 13:43:21",5,Tablet,East,Email,Electronics,0.00,Yes,Checkout
SES00134,USR00134,"2025-10-24 21:25:48","2025-10-24 21:30:48",5,Tablet,West,Email,Sports,0.00,Yes,Browse
SES00135,USR00135,"2025-10-17 02:55:36","2025-10-17 03:00:36",5,Mobile,South,"Google Ads",Sports,0.00,Yes,Checkout
SES00136,USR00136,"2025-10-03 07:28:32","2025-10-03 07:42:32",14,Tablet,South,Organic,Sports,1032.09,No,Purchase
SES00137,USR00137,"2025-10-26 21:49:49","2025-10-26 21:49:49",0,Tablet,North,"Google Ads",Home,0.00,Yes,Browse
SES00138,USR00138,"2025-10-02 20:52:54","2025-10-02 20:56:54",4,Desktop,North,"Google Ads",Home,0.00,Yes,Checkout
SES00139,USR00139,"2025-10-19 06:11:43","2025-10-19 06:19:43",8,Desktop,North,"Social Media",Beauty,0.00,Yes,Checkout
SES00140,USR00140,"2025-10-23 18:36:22","2025-10-23 18:36:22",0,Tablet,North,Organic,Sports,0.00,Yes,Browse
SES00141,USR00141,"2025-10-20 22:16:32","2025-10-20 22:19:32",3,Tablet,East,Organic,Sports,0.00,Yes,Browse
SES00142,USR00142,"2025-10-29 02:57:13","2025-10-29 03:07:13",10,Tablet,North,Organic,Beauty,0.00,Yes,Checkout
SES00143,USR00143,"2025-10-11 06:52:10","2025-10-11 06:52:10",0,Desktop,North,"Google Ads",Electronics,0.00,Yes,Browse
SES00144,USR00144,"2025-10-06 14:40:42","2025-10-06 14:40:42",0,Desktop,West,Organic,Home,0.00,Yes,Browse
SES00145,USR00145,"2025-10-12 16:40:54","2025-10-12 16:45:54",5,Desktop,East,Email,Beauty,0.00,Yes,Checkout
SES00146,USR00146,"2025-10-23 00:14:16","2025-10-23 00:16:16",2,Mobile,East,"Social Media",Electronics,0.00,Yes,Browse
SES00147,USR00147,"2025-10-07 09:38:04","2025-10-07 09:38:04",0,Mobile,East,Organic,Fashion,0.00,Yes,Browse
SES00148,USR00148,"2025-10-03 19:52:01","2025-10-03 20:01:01",9,Tablet,West,"Google Ads",Sports,0.00,Yes,Checkout
SES00149,USR00149,"2025-10-05 14:08:35","2025-10-05 14:15:35",7,Desktop,North,"Google Ads",Beauty,0.00,Yes,Checkout
SES00150,USR00150,"2025-10-03 05:11:45","2025-10-03 05:17:45",6,Tablet,North,"Social Media",Beauty,0.00,Yes,Checkout
SES00151,USR00151,"2025-10-31 10:48:56","2025-10-31 10:54:56",6,Tablet,East,"Google Ads",Home,0.00,Yes,Checkout
SES00152,USR00152,"2025-10-16 13:39:40","2025-10-16 13:45:40",6,Desktop,East,"Google Ads",Electronics,0.00,Yes,Checkout
SES00153,USR00153,"2025-10-18 15:32:56","2025-10-18 15:37:56",5,Tablet,West,"Social Media",Home,0.00,Yes,Browse
SES00154,USR00154,"2025-10-25 10:29:37","2025-10-25 10:37:37",8,Desktop,South,Email,Beauty,220.72,No,Purchase
SES00155,USR00155,"2025-10-04 11:00:44","2025-10-04 11:06:44",6,Mobile,East,Email,Sports,0.00,Yes,Checkout
SES00156,USR00156,"2025-10-11 10:49:08","2025-10-11 10:57:08",8,Tablet,West,Email,Electronics,0.00,Yes,Checkout
SES00157,USR00157,"2025-10-16 14:23:41","2025-10-16 14:25:41",2,Desktop,West,Organic,Beauty,0.00,Yes,Browse
SES00158,USR00158,"2025-10-08 17:42:56","2025-10-08 17:42:56",0,Tablet,East,"Social Media",Sports,0.00,Yes,Browse
SES00159,USR00159,"2025-10-16 21:40:06","2025-10-16 21:48:06",8,Tablet,South,Email,Fashion,0.00,Yes,Checkout
SES00160,USR00160,"2025-10-12 21:54:04","2025-10-12 21:58:04",4,Tablet,North,Organic,Electronics,0.00,Yes,Browse
SES00161,USR00161,"2025-10-09 05:23:56","2025-10-09 05:30:56",7,Tablet,North,Email,Sports,0.00,Yes,Checkout
SES00162,USR00162,"2025-10-01 22:59:54","2025-10-01 23:02:54",3,Mobile,East,"Google Ads",Fashion,0.00,Yes,Browse
SES00163,USR00163,"2025-10-20 23:50:02","2025-10-20 23:52:02",2,Tablet,West,"Google Ads",Sports,0.00,Yes,Browse
SES00164,USR00164,"2025-10-10 11:56:50","2025-10-10 12:01:50",5,Mobile,South,Email,Beauty,0.00,Yes,Checkout
SES00165,USR00165,"2025-10-27 05:34:47","2025-10-27 05:38:47",4,Tablet,East,Email,Sports,0.00,Yes,Checkout
SES00166,USR00166,"2025-10-04 13:05:10","2025-10-04 13:07:10",2,Desktop,South,"Social Media",Fashion,0.00,Yes,Browse
SES00167,USR00167,"2025-10-11 07:48:49","2025-10-11 07:48:49",0,Mobile,South,"Google Ads",Fashion,0.00,Yes,Browse
SES00168,USR00168,"2025-10-02 20:17:11","2025-10-02 20:19:11",2,Mobile,East,Email,Sports,0.00,Yes,Browse
SES00169,USR00169,"2025-10-24 11:04:34","2025-10-24 11:04:34",0,Tablet,North,"Google Ads",Sports,0.00,Yes,Browse
SES00170,USR00170,"2025-10-30 05:52:40","2025-10-30 05:52:40",0,Desktop,East,"Social Media",Sports,0.00,Yes,Browse
SES00171,USR00171,"2025-10-30 21:03:18","2025-10-30 21:05:18",2,Mobile,South,"Google Ads",Home,0.00,Yes,Browse
SES00172,USR00172,"2025-10-05 10:30:14","2025-10-05 10:32:14",2,Mobile,West,"Social Media",Sports,0.00,Yes,Browse
SES00173,USR00173,"2025-10-26 02:19:17","2025-10-26 02:29:17",10,Tablet,East,Organic,Home,1424.95,No,Purchase
SES00174,USR00174,"2025-10-15 13:07:06","2025-10-15 13:12:06",5,Desktop,East,"Social Media",Sports,0.00,Yes,Checkout
SES00175,USR00175,"2025-10-07 15:59:53","2025-10-07 15:59:53",0,Mobile,West,Organic,Sports,0.00,Yes,Browse
SES00176,USR00176,"2025-10-15 10:31:30","2025-10-15 10:35:30",4,Mobile,North,Organic,Beauty,0.00,Yes,Browse
SES00177,USR00177,"2025-10-21 19:32:34","2025-10-21 19:32:34",0,Mobile,East,"Social Media",Home,0.00,Yes,Browse
SES00178,USR00178,"2025-10-21 01:51:16","2025-10-21 01:53:16",2,Desktop,South,"Social Media",Sports,0.00,Yes,Browse
SES00179,USR00179,"2025-10-25 02:11:24","2025-10-25 02:11:24",0,Desktop,West,Organic,Electronics,0.00,Yes,Browse
SES00180,USR00180,"2025-10-27 01:34:18","2025-10-27 01:43:18",9,Desktop,South,"Social Media",Fashion,0.00,Yes,Checkout
SES00181,USR00181,"2025-10-19 12:22:10","2025-10-19 12:24:10",2,Mobile,North,Email,Home,0.00,Yes,Browse
SES00182,USR00182,"2025-10-18 06:23:10","2025-10-18 06:29:10",6,Mobile,West,"Google Ads",Home,0.00,Yes,Checkout
SES00183,USR00183,"2025-10-04 08:14:47","2025-10-04 08:14:47",0,Mobile,East,Organic,Electronics,0.00,Yes,Browse
SES00184,USR00184,"2025-10-23 21:53:01","2025-10-23 21:59:01",6,Mobile,West,Email,Beauty,0.00,Yes,Checkout
SES00185,USR00185,"2025-10-06 02:54:00","2025-10-06 02:54:00",0,Mobile,East,"Google Ads",Beauty,0.00,Yes,Browse
SES00186,USR00186,"2025-10-19 22:47:21","2025-10-19 22:47:21",0,Tablet,West,Organic,Electronics,0.00,Yes,Browse
SES00187,USR00187,"2025-10-17 19:24:48","2025-10-17 19:24:48",0,Mobile,East,"Google Ads",Beauty,0.00,Yes,Browse
SES00188,USR00188,"2025-10-22 00:20:03","2025-10-22 00:25:03",5,Mobile,North,Organic,Sports,0.00,Yes,Browse
SES00189,USR00189,"2025-10-07 10:08:51","2025-10-07 10:10:51",2,Desktop,East,Organic,Sports,0.00,Yes,Browse
SES00190,USR00190,"2025-10-25 01:20:11","2025-10-25 01:20:11",0,Desktop,North,Organic,Fashion,0.00,Yes,Browse
SES00191,USR00191,"2025-10-16 15:51:08","2025-10-16 16:05:08",14,Mobile,East,Email,Fashion,633.56,No,Purchase
SES00192,USR00192,"2025-10-15 05:55:38","2025-10-15 05:55:38",0,Desktop,North,Organic,Home,0.00,Yes,Browse
SES00193,USR00193,"2025-10-23 00:56:11","2025-10-23 01:00:11",4,Desktop,East,"Google Ads",Beauty,0.00,Yes,Browse
SES00194,USR00194,"2025-10-12 15:57:58","2025-10-12 16:01:58",4,Mobile,South,Email,Electronics,0.00,Yes,Browse
SES00195,USR00195,"2025-10-12 20:00:30","2025-10-12 20:03:30",3,Tablet,South,"Social Media",Home,0.00,Yes,Browse
SES00196,USR00196,"2025-10-08 03:22:51","2025-10-08 03:22:51",0,Tablet,West,Email,Beauty,0.00,Yes,Browse
SES00197,USR00197,"2025-10-14 10:19:08","2025-10-14 10:27:08",8,Desktop,East,"Google Ads",Fashion,1392.24,No,Purchase
SES00198,USR00198,"2025-10-30 13:49:15","2025-10-30 13:49:15",0,Desktop,South,"Google Ads",Fashion,0.00,Yes,Browse
SES00199,USR00199,"2025-10-06 08:23:38","2025-10-06 08:23:38",0,Tablet,North,Organic,Sports,0.00,Yes,Browse
SES00200,USR00200,"2025-10-30 08:21:24","2025-10-30 08:23:24",2,Tablet,West,"Social Media",Sports,0.00,Yes,Browse
SES00201,USR00201,"2025-10-02 09:45:56","2025-10-02 09:54:56",9,Tablet,South,"Google Ads",Sports,1143.07,No,Purchase
SES00202,USR00202,"2025-10-09 20:49:23","2025-10-09 20:53:23",4,Tablet,East,Email,Sports,0.00,Yes,Browse
SES00203,USR00203,"2025-10-05 10:41:23","2025-10-05 10:46:23",5,Tablet,North,"Google Ads",Sports,0.00,Yes,Browse
SES00204,USR00204,"2025-10-11 16:21:23","2025-10-11 16:28:23",7,Mobile,South,Email,Sports,0.00,Yes,Checkout
SES00205,USR00205,"2025-10-18 20:46:38","2025-10-18 20:55:38",9,Desktop,North,Organic,Sports,0.00,Yes,Checkout
SES00206,USR00206,"2025-10-12 03:07:08","2025-10-12 03:07:08",0,Desktop,West,Organic,Electronics,0.00,Yes,Browse
SES00207,USR00207,"2025-10-05 08:31:01","2025-10-05 08:31:01",0,Mobile,East,Organic,Beauty,0.00,Yes,Browse
SES00208,USR00208,"2025-10-19 06:15:53","2025-10-19 06:19:53",4,Mobile,South,"Social Media",Home,0.00,Yes,Browse
SES00209,USR00209,"2025-10-24 07:16:55","2025-10-24 07:25:55",9,Tablet,South,"Google Ads",Electronics,1218.64,No,Purchase
SES00210,USR00210,"2025-10-27 11:17:08","2025-10-27 11:21:08",4,Mobile,West,"Social Media",Sports,0.00,Yes,Browse
SES00211,USR00211,"2025-10-27 03:52:14","2025-10-27 04:06:14",14,Tablet,West,Organic,Home,1415.46,No,Purchase
SES00212,USR00212,"2025-10-29 00:48:39","2025-10-29 00:48:39",0,Mobile,West,"Google Ads",Home,0.00,Yes,Browse
SES00213,USR00213,"2025-10-02 21:51:11","2025-10-02 21:51:11",0,Mobile,North,"Social Media",Beauty,0.00,Yes,Browse
SES00214,USR00214,"2025-10-25 12:46:14","2025-10-25 12:46:14",0,Desktop,South,"Google Ads",Fashion,0.00,Yes,Browse
SES00215,USR00215,"2025-10-26 23:21:42","2025-10-26 23:30:42",9,Desktop,East,"Social Media",Beauty,891.14,No,Purchase
SES00216,USR00216,"2025-10-10 09:33:20","2025-10-10 09:33:20",0,Desktop,East,"Social Media",Home,0.00,Yes,Browse
SES00217,USR00217,"2025-10-27 02:57:34","2025-10-27 02:57:34",0,Desktop,South,"Social Media",Sports,0.00,Yes,Browse
SES00218,USR00218,"2025-10-22 12:02:22","2025-10-22 12:09:22",7,Mobile,West,Email,Home,905.64,No,Purchase
SES00219,USR00219,"2025-10-25 08:26:04","2025-10-25 08:35:04",9,Mobile,South,Organic,Beauty,1769.81,No,Purchase
SES00220,USR00220,"2025-10-28 21:18:49","2025-10-28 21:18:49",0,Tablet,East,Email,Home,0.00,Yes,Browse
SES00221,USR00221,"2025-10-31 17:03:27","2025-10-31 17:10:27",7,Tablet,South,"Google Ads",Fashion,0.00,Yes,Checkout
SES00222,USR00222,"2025-10-11 02:33:10","2025-10-11 02:33:10",0,Desktop,North,"Google Ads",Sports,0.00,Yes,Browse
SES00223,USR00223,"2025-10-31 18:56:52","2025-10-31 18:56:52",0,Desktop,East,Email,Beauty,0.00,Yes,Browse
SES00224,USR00224,"2025-10-12 02:49:55","2025-10-12 02:57:55",8,Desktop,South,"Social Media",Fashion,0.00,Yes,Checkout
SES00225,USR00225,"2025-10-23 06:26:39","2025-10-23 06:29:39",3,Desktop,North,"Social Media",Home,0.00,Yes,Browse
SES00226,USR00226,"2025-10-25 17:23:16","2025-10-25 17:27:16",4,Tablet,North,Email,Fashion,0.00,Yes,Browse
SES00227,USR00227,"2025-10-11 03:02:58","2025-10-11 03:06:58",4,Tablet,West,Organic,Sports,0.00,Yes,Browse
SES00228,USR00228,"2025-10-12 13:26:41","2025-10-12 13:30:41",4,Tablet,North,"Google Ads",Home,0.00,Yes,Browse
SES00229,USR00229,"2025-10-18 18:36:51","2025-10-18 18:40:51",4,Tablet,West,Organic,Home,0.00,Yes,Browse
SES00230,USR00230,"2025-10-20 10:21:24","2025-10-20 10:31:24",10,Tablet,East,Email,Home,0.00,Yes,Checkout
SES00231,USR00231,"2025-10-30 12:48:23","2025-10-30 12:57:23",9,Mobile,East,"Google Ads",Home,0.00,Yes,Checkout
SES00232,USR00232,"2025-10-20 07:32:13","2025-10-20 07:36:13",4,Desktop,South,Organic,Home,0.00,Yes,Browse
SES00233,USR00233,"2025-10-12 20:22:05","2025-10-12 20:25:05",3,Desktop,North,"Google Ads",Sports,0.00,Yes,Browse
SES00234,USR00234,"2025-10-19 23:41:38","2025-10-19 23:49:38",8,Tablet,North,Email,Home,0.00,Yes,Checkout
SES00235,USR00235,"2025-10-04 08:39:55","2025-10-04 08:41:55",2,Mobile,East,"Social Media",Electronics,0.00,Yes,Browse
SES00236,USR00236,"2025-10-12 10:43:40","2025-10-12 10:55:40",12,Desktop,South,Email,Electronics,400.13,No,Purchase
SES00237,USR00237,"2025-10-24 21:31:55","2025-10-24 21:42:55",11,Mobile,West,"Google Ads",Home,1696.70,No,Purchase
SES00238,USR00238,"2025-10-09 10:01:06","2025-10-09 10:10:06",9,Tablet,West,Email,Fashion,0.00,Yes,Checkout
SES00239,USR00239,"2025-10-29 03:38:57","2025-10-29 03:42:57",4,Mobile,South,"Social Media",Electronics,0.00,Yes,Checkout
SES00240,USR00240,"2025-10-12 08:00:05","2025-10-12 08:00:05",0,Desktop,East,"Google Ads",Fashion,0.00,Yes,Browse
SES00241,USR00241,"2025-10-27 18:32:15","2025-10-27 18:34:15",2,Tablet,West,"Google Ads",Fashion,0.00,Yes,Browse
SES00242,USR00242,"2025-10-19 22:18:58","2025-10-19 22:18:58",0,Mobile,East,Organic,Beauty,0.00,Yes,Browse
SES00243,USR00243,"2025-10-20 23:25:00","2025-10-20 23:25:00",0,Mobile,East,Email,Beauty,0.00,Yes,Browse
SES00244,USR00244,"2025-10-02 12:48:33","2025-10-02 12:48:33",0,Tablet,West,"Social Media",Beauty,0.00,Yes,Browse
SES00245,USR00245,"2025-10-14 20:29:41","2025-10-14 20:36:41",7,Tablet,North,Email,Home,0.00,Yes,Checkout
SES00246,USR00246,"2025-10-19 00:23:11","2025-10-19 00:23:11",0,Tablet,East,Email,Fashion,0.00,Yes,Browse
SES00247,USR00247,"2025-10-04 00:53:18","2025-10-04 00:55:18",2,Tablet,East,Organic,Beauty,0.00,Yes,Browse
SES00248,USR00248,"2025-10-18 13:15:55","2025-10-18 13:17:55",2,Mobile,West,"Social Media",Electronics,0.00,Yes,Browse
SES00249,USR00249,"2025-10-28 02:42:20","2025-10-28 02:47:20",5,Tablet,North,"Social Media",Home,0.00,Yes,Checkout
SES00250,USR00250,"2025-10-22 14:01:45","2025-10-22 14:08:45",7,Mobile,East,"Google Ads",Sports,0.00,Yes,Checkout
SES00251,USR00251,"2025-10-11 05:06:27","2025-10-11 05:06:27",0,Mobile,West,"Google Ads",Electronics,0.00,Yes,Browse
SES00252,USR00252,"2025-10-02 17:55:04","2025-10-02 17:55:04",0,Tablet,East,Organic,Fashion,0.00,Yes,Browse
SES00253,USR00253,"2025-10-16 23:56:59","2025-10-17 00:00:59",4,Desktop,West,"Google Ads",Beauty,0.00,Yes,Checkout
SES00254,USR00254,"2025-10-04 12:28:26","2025-10-04 12:30:26",2,Tablet,West,Email,Fashion,0.00,Yes,Browse
SES00255,USR00255,"2025-10-23 10:42:56","2025-10-23 10:48:56",6,Desktop,East,Email,Fashion,0.00,Yes,Checkout
SES00256,USR00256,"2025-10-24 09:46:53","2025-10-24 09:46:53",0,Tablet,East,"Social Media",Fashion,0.00,Yes,Browse
SES00257,USR00257,"2025-10-18 09:20:02","2025-10-18 09:22:02",2,Desktop,West,Organic,Electronics,0.00,Yes,Browse
SES00258,USR00258,"2025-10-13 15:35:06","2025-10-13 15:45:06",10,Desktop,North,"Social Media",Home,0.00,Yes,Checkout
SES00259,USR00259,"2025-10-29 19:14:24","2025-10-29 19:14:24",0,Tablet,West,Organic,Sports,0.00,Yes,Browse
SES00260,USR00260,"2025-10-11 19:42:30","2025-10-11 19:46:30",4,Desktop,South,"Google Ads",Fashion,0.00,Yes,Browse
SES00261,USR00261,"2025-10-02 00:29:06","2025-10-02 00:39:06",10,Desktop,North,Organic,Home,1102.67,No,Purchase
SES00262,USR00262,"2025-10-06 21:26:58","2025-10-06 21:28:58",2,Tablet,North,"Social Media",Home,0.00,Yes,Browse
SES00263,USR00263,"2025-10-08 07:09:13","2025-10-08 07:18:13",9,Tablet,South,Organic,Home,1373.68,No,Purchase
SES00264,USR00264,"2025-10-20 02:10:37","2025-10-20 02:15:37",5,Tablet,West,"Google Ads",Sports,0.00,Yes,Browse
SES00265,USR00265,"2025-10-17 17:10:48","2025-10-17 17:14:48",4,Desktop,North,"Google Ads",Sports,0.00,Yes,Browse
SES00266,USR00266,"2025-10-30 21:39:15","2025-10-30 21:48:15",9,Desktop,North,Organic,Fashion,0.00,Yes,Checkout
SES00267,USR00267,"2025-10-03 19:52:59","2025-10-03 20:04:59",12,Tablet,North,"Google Ads",Fashion,1181.28,No,Purchase
SES00268,USR00268,"2025-10-20 13:18:22","2025-10-20 13:20:22",2,Desktop,East,"Google Ads",Sports,0.00,Yes,Browse
SES00269,USR00269,"2025-10-17 00:01:41","2025-10-17 00:03:41",2,Mobile,North,"Social Media",Home,0.00,Yes,Browse
SES00270,USR00270,"2025-10-07 13:08:21","2025-10-07 13:17:21",9,Tablet,North,"Google Ads",Beauty,0.00,Yes,Checkout
SES00271,USR00271,"2025-10-27 04:23:18","2025-10-27 04:28:18",5,Tablet,North,"Social Media",Sports,0.00,Yes,Browse
SES00272,USR00272,"2025-10-26 09:35:18","2025-10-26 09:41:18",6,Mobile,North,"Social Media",Sports,0.00,Yes,Checkout
SES00273,USR00273,"2025-10-10 10:21:35","2025-10-10 10:23:35",2,Mobile,East,Email,Home,0.00,Yes,Browse
SES00274,USR00274,"2025-10-12 03:54:32","2025-10-12 03:58:32",4,Tablet,North,"Social Media",Beauty,0.00,Yes,Browse
SES00275,USR00275,"2025-10-18 12:23:41","2025-10-18 12:27:41",4,Mobile,North,"Google Ads",Home,0.00,Yes,Browse
SES00276,USR00276,"2025-10-26 13:39:23","2025-10-26 13:46:23",7,Mobile,East,Organic,Home,0.00,Yes,Checkout
SES00277,USR00277,"2025-10-19 00:54:46","2025-10-19 00:57:46",3,Desktop,West,"Google Ads",Beauty,0.00,Yes,Browse
SES00278,USR00278,"2025-10-07 08:48:22","2025-10-07 08:54:22",6,Mobile,North,"Google Ads",Home,0.00,Yes,Checkout
SES00279,USR00279,"2025-10-01 23:59:26","2025-10-02 00:08:26",9,Mobile,South,Organic,Beauty,0.00,Yes,Checkout
SES00280,USR00280,"2025-10-29 21:58:38","2025-10-29 21:58:38",0,Tablet,West,Organic,Home,0.00,Yes,Browse
SES00281,USR00281,"2025-10-09 17:56:39","2025-10-09 18:01:39",5,Mobile,West,Email,Sports,0.00,Yes,Checkout
SES00282,USR00282,"2025-10-07 00:20:40","2025-10-07 00:27:40",7,Desktop,East,"Social Media",Fashion,0.00,Yes,Checkout
SES00283,USR00283,"2025-10-22 04:46:36","2025-10-22 04:46:36",0,Tablet,South,Organic,Sports,0.00,Yes,Browse
SES00284,USR00284,"2025-10-04 00:29:29","2025-10-04 00:34:29",5,Mobile,North,Organic,Home,0.00,Yes,Browse
SES00285,USR00285,"2025-10-06 00:32:43","2025-10-06 00:34:43",2,Tablet,East,"Google Ads",Home,0.00,Yes,Browse
SES00286,USR00286,"2025-10-18 02:13:43","2025-10-18 02:15:43",2,Tablet,South,"Google Ads",Electronics,0.00,Yes,Browse
SES00287,USR00287,"2025-10-16 15:19:11","2025-10-16 15:28:11",9,Mobile,West,Organic,Beauty,0.00,Yes,Checkout
SES00288,USR00288,"2025-10-28 08:45:14","2025-10-28 08:49:14",4,Desktop,North,Organic,Home,0.00,Yes,Browse
SES00289,USR00289,"2025-10-26 15:49:45","2025-10-26 15:56:45",7,Desktop,North,"Social Media",Home,0.00,Yes,Checkout
SES00290,USR00290,"2025-10-24 03:08:56","2025-10-24 03:17:56",9,Tablet,South,"Social Media",Fashion,0.00,Yes,Checkout
SES00291,USR00291,"2025-10-28 16:57:09","2025-10-28 17:01:09",4,Desktop,North,Organic,Fashion,0.00,Yes,Checkout
SES00292,USR00292,"2025-10-27 13:33:26","2025-10-27 13:36:26",3,Tablet,West,Email,Electronics,0.00,Yes,Browse
SES00293,USR00293,"2025-10-10 05:09:18","2025-10-10 05:12:18",3,Desktop,East,"Google Ads",Sports,0.00,Yes,Browse
SES00294,USR00294,"2025-10-04 04:34:46","2025-10-04 04:45:46",11,Tablet,East,Email,Electronics,1621.61,No,Purchase
SES00295,USR00295,"2025-10-17 21:57:40","2025-10-17 22:05:40",8,Mobile,South,"Google Ads",Fashion,0.00,Yes,Checkout
SES00296,USR00296,"2025-10-11 15:57:07","2025-10-11 15:57:07",0,Tablet,East,"Social Media",Electronics,0.00,Yes,Browse
SES00297,USR00297,"2025-10-31 17:26:44","2025-10-31 17:35:44",9,Desktop,North,"Social Media",Sports,0.00,Yes,Checkout
SES00298,USR00298,"2025-10-21 10:23:48","2025-10-21 10:27:48",4,Tablet,South,"Social Media",Fashion,0.00,Yes,Browse
SES00299,USR00299,"2025-10-06 17:52:23","2025-10-06 18:04:23",12,Mobile,East,"Google Ads",Sports,405.19,No,Purchase
SES00300,USR00300,"2025-10-09 23:45:28","2025-10-09 23:47:28",2,Mobile,East,"Social Media",Beauty,0.00,Yes,Browse
SES00301,USR00301,"2025-10-31 19:22:15","2025-10-31 19:25:15",3,Desktop,South,Email,Fashion,0.00,Yes,Browse
SES00302,USR00302,"2025-10-13 13:44:57","2025-10-13 13:53:57",9,Desktop,West,"Google Ads",Sports,0.00,Yes,Checkout
SES00303,USR00303,"2025-10-12 12:50:51","2025-10-12 12:59:51",9,Mobile,North,Organic,Home,0.00,Yes,Checkout
SES00304,USR00304,"2025-10-25 12:55:09","2025-10-25 12:57:09",2,Mobile,West,"Google Ads",Home,0.00,Yes,Browse
SES00305,USR00305,"2025-10-02 07:40:18","2025-10-02 07:49:18",9,Tablet,North,Email,Electronics,0.00,Yes,Checkout
SES00306,USR00306,"2025-10-30 18:08:38","2025-10-30 18:08:38",0,Tablet,West,"Google Ads",Fashion,0.00,Yes,Browse
SES00307,USR00307,"2025-10-11 02:04:42","2025-10-11 02:06:42",2,Tablet,West,"Social Media",Home,0.00,Yes,Browse
SES00308,USR00308,"2025-10-04 22:44:56","2025-10-04 22:48:56",4,Desktop,West,Email,Beauty,0.00,Yes,Browse
SES00309,USR00309,"2025-10-26 13:16:29","2025-10-26 13:21:29",5,Tablet,North,"Social Media",Electronics,0.00,Yes,Browse
SES00310,USR00310,"2025-10-14 00:01:05","2025-10-14 00:01:05",0,Mobile,North,"Social Media",Sports,0.00,Yes,Browse
SES00311,USR00311,"2025-10-23 13:27:05","2025-10-23 13:30:05",3,Desktop,South,Organic,Sports,0.00,Yes,Browse
SES00312,USR00312,"2025-10-06 22:47:50","2025-10-06 22:47:50",0,Mobile,South,"Social Media",Electronics,0.00,Yes,Browse
SES00313,USR00313,"2025-10-05 13:06:35","2025-10-05 13:13:35",7,Tablet,South,"Google Ads",Fashion,0.00,Yes,Checkout
SES00314,USR00314,"2025-10-04 05:40:28","2025-10-04 05:55:28",15,Mobile,West,Email,Electronics,292.63,No,Purchase
SES00315,USR00315,"2025-10-17 06:48:16","2025-10-17 06:53:16",5,Mobile,South,"Google Ads",Beauty,0.00,Yes,Browse
SES00316,USR00316,"2025-10-16 04:22:52","2025-10-16 04:28:52",6,Desktop,North,"Google Ads",Electronics,0.00,Yes,Checkout
SES00317,USR00317,"2025-10-20 08:34:57","2025-10-20 08:39:57",5,Mobile,West,"Google Ads",Home,0.00,Yes,Browse
SES00318,USR00318,"2025-10-16 15:29:34","2025-10-16 15:29:34",0,Tablet,South,Organic,Home,0.00,Yes,Browse
SES00319,USR00319,"2025-10-05 07:02:20","2025-10-05 07:04:20",2,Tablet,North,Organic,Home,0.00,Yes,Browse
SES00320,USR00320,"2025-10-23 19:23:54","2025-10-23 19:25:54",2,Desktop,East,"Social Media",Fashion,0.00,Yes,Browse
SES00321,USR00321,"2025-10-22 01:48:12","2025-10-22 01:48:12",0,Tablet,East,"Social Media",Electronics,0.00,Yes,Browse
SES00322,USR00322,"2025-10-12 05:16:44","2025-10-12 05:20:44",4,Desktop,West,Organic,Sports,0.00,Yes,Checkout
SES00323,USR00323,"2025-10-02 05:05:32","2025-10-02 05:05:32",0,Desktop,South,Organic,Home,0.00,Yes,Browse
SES00324,USR00324,"2025-10-22 08:51:22","2025-10-22 08:53:22",2,Tablet,East,"Social Media",Electronics,0.00,Yes,Browse
SES00325,USR00325,"2025-10-05 19:21:10","2025-10-05 19:28:10",7,Tablet,West,"Social Media",Electronics,0.00,Yes,Checkout
SES00326,USR00326,"2025-10-03 11:13:17","2025-10-03 11:13:17",0,Desktop,North,Email,Home,0.00,Yes,Browse
SES00327,USR00327,"2025-10-14 06:09:01","2025-10-14 06:11:01",2,Tablet,East,Organic,Electronics,0.00,Yes,Browse
SES00328,USR00328,"2025-10-23 02:40:37","2025-10-23 02:40:37",0,Tablet,West,"Social Media",Fashion,0.00,Yes,Browse
SES00329,USR00329,"2025-10-16 20:03:39","2025-10-16 20:11:39",8,Mobile,South,Organic,Sports,0.00,Yes,Checkout
SES00330,USR00330,"2025-10-18 04:02:26","2025-10-18 04:13:26",11,Tablet,North,Email,Fashion,771.21,No,Purchase
SES00331,USR00331,"2025-10-27 16:19:13","2025-10-27 16:24:13",5,Tablet,North,"Social Media",Beauty,0.00,Yes,Browse
SES00332,USR00332,"2025-10-05 10:51:10","2025-10-05 11:01:10",10,Desktop,West,"Social Media",Fashion,1621.30,No,Purchase
SES00333,USR00333,"2025-10-19 04:33:11","2025-10-19 04:45:11",12,Mobile,South,"Google Ads",Fashion,944.67,No,Purchase
SES00334,USR00334,"2025-10-22 00:27:35","2025-10-22 00:27:35",0,Desktop,South,Organic,Fashion,0.00,Yes,Browse
SES00335,USR00335,"2025-10-14 17:14:56","2025-10-14 17:23:56",9,Tablet,East,"Social Media",Sports,0.00,Yes,Checkout
SES00336,USR00336,"2025-10-05 03:42:53","2025-10-05 03:53:53",11,Tablet,North,"Social Media",Fashion,379.12,No,Purchase
SES00337,USR00337,"2025-10-30 02:14:48","2025-10-30 02:14:48",0,Tablet,West,"Social Media",Sports,0.00,Yes,Browse
SES00338,USR00338,"2025-10-25 23:56:15","2025-10-26 00:00:15",4,Tablet,East,Organic,Home,0.00,Yes,Browse
SES00339,USR00339,"2025-10-06 16:55:42","2025-10-06 16:55:42",0,Desktop,East,Organic,Sports,0.00,Yes,Browse
SES00340,USR00340,"2025-10-22 14:49:38","2025-10-22 14:49:38",0,Mobile,East,Organic,Fashion,0.00,Yes,Browse
SES00341,USR00341,"2025-10-24 09:32:28","2025-10-24 09:40:28",8,Mobile,West,Organic,Beauty,0.00,Yes,Checkout
SES00342,USR00342,"2025-10-22 05:02:40","2025-10-22 05:04:40",2,Tablet,East,"Google Ads",Beauty,0.00,Yes,Browse
SES00343,USR00343,"2025-10-12 18:58:39","2025-10-12 19:04:39",6,Desktop,East,"Google Ads",Home,0.00,Yes,Checkout
SES00344,USR00344,"2025-10-31 15:35:27","2025-10-31 15:38:27",3,Desktop,North,Organic,Beauty,0.00,Yes,Browse
SES00345,USR00345,"2025-10-28 12:46:33","2025-10-28 12:50:33",4,Mobile,North,"Social Media",Electronics,0.00,Yes,Browse
SES00346,USR00346,"2025-10-05 01:39:12","2025-10-05 01:50:12",11,Tablet,East,"Google Ads",Home,260.51,No,Purchase
SES00347,USR00347,"2025-10-29 21:06:05","2025-10-29 21:08:05",2,Desktop,North,Email,Fashion,0.00,Yes,Browse
SES00348,USR00348,"2025-10-18 02:30:40","2025-10-18 02:30:40",0,Tablet,East,Email,Sports,0.00,Yes,Browse
SES00349,USR00349,"2025-10-09 05:30:47","2025-10-09 05:30:47",0,Tablet,West,"Social Media",Fashion,0.00,Yes,Browse
SES00350,USR00350,"2025-10-25 14:02:18","2025-10-25 14:04:18",2,Tablet,South,Email,Sports,0.00,Yes,Browse
SES00351,USR00351,"2025-10-19 16:33:20","2025-10-19 16:38:20",5,Tablet,West,Organic,Beauty,0.00,Yes,Browse
SES00352,USR00352,"2025-10-27 21:04:29","2025-10-27 21:04:29",0,Tablet,North,Email,Fashion,0.00,Yes,Browse
SES00353,USR00353,"2025-10-18 23:58:17","2025-10-18 23:58:17",0,Mobile,North,"Social Media",Sports,0.00,Yes,Browse
SES00354,USR00354,"2025-10-05 09:59:13","2025-10-05 10:10:13",11,Tablet,South,"Social Media",Beauty,1138.13,No,Purchase
SES00355,USR00355,"2025-10-14 22:01:03","2025-10-14 22:03:03",2,Tablet,South,"Social Media",Electronics,0.00,Yes,Browse
SES00356,USR00356,"2025-10-09 17:17:56","2025-10-09 17:27:56",10,Desktop,North,"Social Media",Sports,0.00,Yes,Checkout
SES00357,USR00357,"2025-10-10 04:12:56","2025-10-10 04:12:56",0,Desktop,South,"Google Ads",Fashion,0.00,Yes,Browse
SES00358,USR00358,"2025-10-04 11:23:08","2025-10-04 11:23:08",0,Mobile,West,"Google Ads",Fashion,0.00,Yes,Browse
SES00359,USR00359,"2025-10-13 02:19:40","2025-10-13 02:24:40",5,Tablet,North,"Social Media",Home,0.00,Yes,Browse
SES00360,USR00360,"2025-10-11 06:18:51","2025-10-11 06:23:51",5,Tablet,North,Organic,Sports,0.00,Yes,Browse
SES00361,USR00361,"2025-10-16 15:07:53","2025-10-16 15:14:53",7,Desktop,South,"Google Ads",Electronics,0.00,Yes,Checkout
SES00362,USR00362,"2025-10-20 03:25:32","2025-10-20 03:28:32",3,Tablet,South,Organic,Electronics,0.00,Yes,Browse
SES00363,USR00363,"2025-10-31 18:04:10","2025-10-31 18:04:10",0,Desktop,South,Email,Fashion,0.00,Yes,Browse
SES00364,USR00364,"2025-10-25 03:51:06","2025-10-25 03:51:06",0,Mobile,East,"Social Media",Beauty,0.00,Yes,Browse
SES00365,USR00365,"2025-10-03 07:46:41","2025-10-03 07:54:41",8,Mobile,North,"Google Ads",Fashion,619.63,No,Purchase
SES00366,USR00366,"2025-10-06 06:01:10","2025-10-06 06:03:10",2,Tablet,East,"Google Ads",Electronics,0.00,Yes,Browse
SES00367,USR00367,"2025-10-13 03:38:32","2025-10-13 03:46:32",8,Tablet,West,Email,Sports,0.00,Yes,Checkout
SES00368,USR00368,"2025-10-04 05:51:39","2025-10-04 05:59:39",8,Desktop,West,Email,Sports,0.00,Yes,Checkout
SES00369,USR00369,"2025-10-26 19:17:16","2025-10-26 19:17:16",0,Tablet,East,Email,Beauty,0.00,Yes,Browse
SES00370,USR00370,"2025-10-08 22:54:58","2025-10-08 22:54:58",0,Mobile,North,"Google Ads",Sports,0.00,Yes,Browse
SES00371,USR00371,"2025-10-17 20:52:08","2025-10-17 20:56:08",4,Desktop,East,Organic,Sports,0.00,Yes,Browse
SES00372,USR00372,"2025-10-09 11:32:13","2025-10-09 11:37:13",5,Tablet,South,"Google Ads",Electronics,0.00,Yes,Browse
SES00373,USR00373,"2025-10-03 14:12:19","2025-10-03 14:12:19",0,Desktop,North,Email,Fashion,0.00,Yes,Browse
SES00374,USR00374,"2025-10-11 04:37:22","2025-10-11 04:42:22",5,Tablet,South,Organic,Sports,0.00,Yes,Browse
SES00375,USR00375,"2025-10-13 04:30:04","2025-10-13 04:33:04",3,Desktop,East,Email,Sports,0.00,Yes,Browse
SES00376,USR00376,"2025-10-19 11:25:42","2025-10-19 11:25:42",0,Tablet,South,Email,Beauty,0.00,Yes,Browse
SES00377,USR00377,"2025-10-17 03:00:45","2025-10-17 03:05:45",5,Desktop,South,"Google Ads",Beauty,0.00,Yes,Browse
SES00378,USR00378,"2025-10-22 19:21:07","2025-10-22 19:21:07",0,Mobile,West,Email,Beauty,0.00,Yes,Browse
SES00379,USR00379,"2025-10-28 22:24:15","2025-10-28 22:24:15",0,Desktop,East,"Google Ads",Electronics,0.00,Yes,Browse
SES00380,USR00380,"2025-10-14 19:00:04","2025-10-14 19:00:04",0,Tablet,West,"Social Media",Beauty,0.00,Yes,Browse
SES00381,USR00381,"2025-10-17 21:28:50","2025-10-17 21:30:50",2,Desktop,East,Organic,Home,0.00,Yes,Browse
SES00382,USR00382,"2025-10-04 03:12:20","2025-10-04 03:20:20",8,Desktop,West,Email,Sports,0.00,Yes,Checkout
SES00383,USR00383,"2025-10-23 05:34:46","2025-10-23 05:34:46",0,Desktop,West,Email,Home,0.00,Yes,Browse
SES00384,USR00384,"2025-10-25 14:43:57","2025-10-25 14:51:57",8,Desktop,East,"Google Ads",Fashion,1712.39,No,Purchase
SES00385,USR00385,"2025-10-18 10:40:06","2025-10-18 10:54:06",14,Desktop,South,"Google Ads",Sports,1403.43,No,Purchase
SES00386,USR00386,"2025-10-29 12:56:02","2025-10-29 13:00:02",4,Desktop,West,"Social Media",Home,0.00,Yes,Browse
SES00387,USR00387,"2025-10-03 18:04:17","2025-10-03 18:04:17",0,Desktop,East,Organic,Sports,0.00,Yes,Browse
SES00388,USR00388,"2025-10-18 02:15:44","2025-10-18 02:24:44",9,Mobile,West,"Social Media",Fashion,0.00,Yes,Checkout
SES00389,USR00389,"2025-10-13 08:17:37","2025-10-13 08:20:37",3,Tablet,North,"Google Ads",Sports,0.00,Yes,Browse
SES00390,USR00390,"2025-10-09 23:42:45","2025-10-09 23:46:45",4,Tablet,North,Organic,Sports,0.00,Yes,Browse
SES00391,USR00391,"2025-10-03 06:50:59","2025-10-03 06:50:59",0,Tablet,South,"Social Media",Electronics,0.00,Yes,Browse
SES00392,USR00392,"2025-10-25 23:37:26","2025-10-25 23:37:26",0,Mobile,North,Organic,Fashion,0.00,Yes,Browse
SES00393,USR00393,"2025-10-25 22:39:43","2025-10-25 22:39:43",0,Tablet,South,"Google Ads",Fashion,0.00,Yes,Browse
SES00394,USR00394,"2025-10-05 12:14:58","2025-10-05 12:16:58",2,Mobile,North,Organic,Fashion,0.00,Yes,Browse
SES00395,USR00395,"2025-10-26 04:38:18","2025-10-26 04:47:18",9,Tablet,South,Organic,Sports,0.00,Yes,Checkout
SES00396,USR00396,"2025-10-21 11:42:13","2025-10-21 11:42:13",0,Desktop,South,Email,Sports,0.00,Yes,Browse
SES00397,USR00397,"2025-10-13 06:04:17","2025-10-13 06:14:17",10,Mobile,West,Organic,Home,0.00,Yes,Checkout
SES00398,USR00398,"2025-10-11 16:38:42","2025-10-11 16:40:42",2,Mobile,East,Email,Beauty,0.00,Yes,Browse
SES00399,USR00399,"2025-10-25 17:41:20","2025-10-25 17:49:20",8,Desktop,East,Email,Beauty,0.00,Yes,Checkout
SES00400,USR00400,"2025-10-17 08:06:04","2025-10-17 08:11:04",5,Mobile,North,Email,Home,0.00,Yes,Checkout
SES00401,USR00401,"2025-10-04 22:54:02","2025-10-04 22:54:02",0,Tablet,North,"Social Media",Home,0.00,Yes,Browse
SES00402,USR00402,"2025-10-23 09:35:32","2025-10-23 09:44:32",9,Mobile,East,Organic,Home,1806.78,No,Purchase
SES00403,USR00403,"2025-10-09 17:23:05","2025-10-09 17:25:05",2,Mobile,North,"Social Media",Fashion,0.00,Yes,Browse
SES00404,USR00404,"2025-10-17 02:00:04","2025-10-17 02:05:04",5,Desktop,North,"Google Ads",Fashion,0.00,Yes,Browse
SES00405,USR00405,"2025-10-17 05:27:55","2025-10-17 05:30:55",3,Desktop,North,"Social Media",Beauty,0.00,Yes,Browse
SES00406,USR00406,"2025-10-12 18:41:28","2025-10-12 18:41:28",0,Tablet,North,Email,Electronics,0.00,Yes,Browse
SES00407,USR00407,"2025-10-07 08:29:36","2025-10-07 08:34:36",5,Desktop,South,Organic,Electronics,0.00,Yes,Browse
SES00408,USR00408,"2025-10-05 05:22:58","2025-10-05 05:22:58",0,Desktop,West,Email,Sports,0.00,Yes,Browse
SES00409,USR00409,"2025-10-13 08:31:12","2025-10-13 08:36:12",5,Tablet,East,Organic,Fashion,0.00,Yes,Checkout
SES00410,USR00410,"2025-10-31 10:29:57","2025-10-31 10:34:57",5,Desktop,West,Email,Home,0.00,Yes,Browse
SES00411,USR00411,"2025-10-19 23:07:02","2025-10-19 23:07:02",0,Tablet,East,Organic,Fashion,0.00,Yes,Browse
SES00412,USR00412,"2025-10-08 04:31:01","2025-10-08 04:33:01",2,Desktop,North,Organic,Beauty,0.00,Yes,Browse
SES00413,USR00413,"2025-10-18 00:56:26","2025-10-18 01:05:26",9,Tablet,East,"Google Ads",Sports,452.98,No,Purchase
SES00414,USR00414,"2025-10-24 12:57:22","2025-10-24 12:57:22",0,Tablet,West,Organic,Home,0.00,Yes,Browse
SES00415,USR00415,"2025-10-07 05:46:54","2025-10-07 05:46:54",0,Desktop,North,Organic,Fashion,0.00,Yes,Browse
SES00416,USR00416,"2025-10-05 01:39:03","2025-10-05 01:41:03",2,Desktop,East,Email,Home,0.00,Yes,Browse
SES00417,USR00417,"2025-10-26 02:37:15","2025-10-26 02:37:15",0,Desktop,East,"Social Media",Home,0.00,Yes,Browse
SES00418,USR00418,"2025-10-02 09:42:43","2025-10-02 09:42:43",0,Desktop,East,Organic,Home,0.00,Yes,Browse
SES00419,USR00419,"2025-10-01 21:39:41","2025-10-01 21:43:41",4,Desktop,South,"Google Ads",Electronics,0.00,Yes,Browse
SES00420,USR00420,"2025-10-16 21:54:15","2025-10-16 21:59:15",5,Mobile,North,Email,Fashion,0.00,Yes,Checkout
SES00421,USR00421,"2025-10-09 15:38:00","2025-10-09 15:43:00",5,Mobile,East,"Google Ads",Beauty,0.00,Yes,Browse
SES00422,USR00422,"2025-10-28 13:35:50","2025-10-28 13:40:50",5,Tablet,East,Email,Fashion,0.00,Yes,Browse
SES00423,USR00423,"2025-10-26 19:28:46","2025-10-26 19:28:46",0,Desktop,East,"Google Ads",Fashion,0.00,Yes,Browse
SES00424,USR00424,"2025-10-06 15:29:37","2025-10-06 15:34:37",5,Desktop,North,"Google Ads",Sports,0.00,Yes,Checkout
SES00425,USR00425,"2025-10-25 02:50:36","2025-10-25 02:55:36",5,Mobile,South,"Social Media",Sports,0.00,Yes,Browse
SES00426,USR00426,"2025-10-12 14:55:01","2025-10-12 14:57:01",2,Mobile,West,Organic,Beauty,0.00,Yes,Browse
SES00427,USR00427,"2025-10-12 16:14:48","2025-10-12 16:22:48",8,Tablet,East,Organic,Home,0.00,Yes,Checkout
SES00428,USR00428,"2025-10-02 08:34:58","2025-10-02 08:34:58",0,Mobile,West,Organic,Beauty,0.00,Yes,Browse
SES00429,USR00429,"2025-10-30 01:28:12","2025-10-30 01:28:12",0,Tablet,West,Email,Beauty,0.00,Yes,Browse
SES00430,USR00430,"2025-10-28 23:54:47","2025-10-28 23:57:47",3,Mobile,North,Organic,Fashion,0.00,Yes,Browse
SES00431,USR00431,"2025-10-13 05:00:10","2025-10-13 05:04:10",4,Desktop,East,"Social Media",Electronics,0.00,Yes,Browse
SES00432,USR00432,"2025-10-11 22:55:02","2025-10-11 23:02:02",7,Mobile,West,Organic,Electronics,0.00,Yes,Checkout
SES00433,USR00433,"2025-10-26 02:07:39","2025-10-26 02:16:39",9,Desktop,West,Organic,Fashion,1449.23,No,Purchase
SES00434,USR00434,"2025-10-20 06:30:38","2025-10-20 06:30:38",0,Mobile,South,Email,Sports,0.00,Yes,Browse
SES00435,USR00435,"2025-10-08 09:54:34","2025-10-08 09:56:34",2,Desktop,South,"Social Media",Electronics,0.00,Yes,Browse
SES00436,USR00436,"2025-10-17 13:05:56","2025-10-17 13:08:56",3,Mobile,West,Email,Fashion,0.00,Yes,Browse
SES00437,USR00437,"2025-10-15 14:08:55","2025-10-15 14:18:55",10,Desktop,West,"Social Media",Home,1484.57,No,Purchase
SES00438,USR00438,"2025-10-30 05:08:49","2025-10-30 05:12:49",4,Tablet,West,"Google Ads",Sports,0.00,Yes,Browse
SES00439,USR00439,"2025-10-19 12:56:40","2025-10-19 13:06:40",10,Mobile,North,"Social Media",Fashion,1889.36,No,Purchase
SES00440,USR00440,"2025-10-11 10:59:41","2025-10-11 11:07:41",8,Mobile,North,Email,Sports,0.00,Yes,Checkout
SES00441,USR00441,"2025-10-17 11:18:42","2025-10-17 11:22:42",4,Mobile,East,"Social Media",Fashion,0.00,Yes,Browse
SES00442,USR00442,"2025-10-21 02:56:08","2025-10-21 02:59:08",3,Desktop,East,"Google Ads",Sports,0.00,Yes,Browse
SES00443,USR00443,"2025-10-22 19:23:44","2025-10-22 19:23:44",0,Tablet,East,"Google Ads",Electronics,0.00,Yes,Browse
SES00444,USR00444,"2025-10-25 04:29:40","2025-10-25 04:34:40",5,Mobile,South,Email,Fashion,0.00,Yes,Browse
SES00445,USR00445,"2025-10-07 14:20:21","2025-10-07 14:27:21",7,Tablet,North,"Google Ads",Beauty,0.00,Yes,Checkout
SES00446,USR00446,"2025-10-19 02:17:11","2025-10-19 02:17:11",0,Tablet,North,"Social Media",Sports,0.00,Yes,Browse
SES00447,USR00447,"2025-10-17 07:09:07","2025-10-17 07:09:07",0,Desktop,South,"Social Media",Home,0.00,Yes,Browse
SES00448,USR00448,"2025-10-11 16:58:57","2025-10-11 17:05:57",7,Tablet,North,Organic,Sports,0.00,Yes,Checkout
SES00449,USR00449,"2025-10-11 11:37:50","2025-10-11 11:45:50",8,Desktop,West,"Social Media",Beauty,0.00,Yes,Checkout
SES00450,USR00450,"2025-10-29 05:17:51","2025-10-29 05:24:51",7,Tablet,South,Organic,Home,0.00,Yes,Checkout
SES00451,USR00451,"2025-10-25 08:51:54","2025-10-25 08:51:54",0,Desktop,South,"Social Media",Fashion,0.00,Yes,Browse
SES00452,USR00452,"2025-10-05 10:44:55","2025-10-05 10:44:55",0,Mobile,East,Email,Home,0.00,Yes,Browse
SES00453,USR00453,"2025-10-24 10:57:40","2025-10-24 10:57:40",0,Desktop,North,Email,Sports,0.00,Yes,Browse
SES00454,USR00454,"2025-10-26 10:35:04","2025-10-26 10:40:04",5,Tablet,West,Email,Sports,0.00,Yes,Checkout
SES00455,USR00455,"2025-10-14 23:33:11","2025-10-14 23:40:11",7,Desktop,South,"Social Media",Beauty,0.00,Yes,Checkout
SES00456,USR00456,"2025-10-30 20:19:41","2025-10-30 20:26:41",7,Desktop,North,Organic,Sports,1779.84,No,Purchase
SES00457,USR00457,"2025-10-14 05:06:21","2025-10-14 05:13:21",7,Desktop,East,Email,Home,0.00,Yes,Checkout
SES00458,USR00458,"2025-10-23 04:12:56","2025-10-23 04:16:56",4,Tablet,South,"Google Ads",Sports,0.00,Yes,Browse
SES00459,USR00459,"2025-10-28 01:36:14","2025-10-28 01:39:14",3,Mobile,East,"Google Ads",Electronics,0.00,Yes,Browse
SES00460,USR00460,"2025-10-10 07:37:30","2025-10-10 07:42:30",5,Mobile,North,Email,Fashion,0.00,Yes,Browse
SES00461,USR00461,"2025-10-21 05:59:21","2025-10-21 06:01:21",2,Tablet,North,Organic,Beauty,0.00,Yes,Browse
SES00462,USR00462,"2025-10-25 14:47:53","2025-10-25 14:54:53",7,Tablet,West,Email,Beauty,0.00,Yes,Checkout
SES00463,USR00463,"2025-10-20 14:25:43","2025-10-20 14:32:43",7,Desktop,South,Email,Beauty,0.00,Yes,Checkout
SES00464,USR00464,"2025-10-26 06:02:56","2025-10-26 06:02:56",0,Mobile,South,Email,Beauty,0.00,Yes,Browse
SES00465,USR00465,"2025-10-27 16:24:27","2025-10-27 16:24:27",0,Tablet,North,Email,Fashion,0.00,Yes,Browse
SES00466,USR00466,"2025-10-02 19:38:42","2025-10-02 19:38:42",0,Desktop,North,Organic,Home,0.00,Yes,Browse
SES00467,USR00467,"2025-10-18 09:53:13","2025-10-18 09:53:13",0,Tablet,East,"Google Ads",Home,0.00,Yes,Browse
SES00468,USR00468,"2025-10-29 00:41:23","2025-10-29 00:45:23",4,Tablet,South,Organic,Fashion,0.00,Yes,Browse
SES00469,USR00469,"2025-10-14 23:38:42","2025-10-14 23:45:42",7,Desktop,West,Email,Home,0.00,Yes,Checkout
SES00470,USR00470,"2025-10-10 04:12:22","2025-10-10 04:12:22",0,Mobile,East,"Google Ads",Home,0.00,Yes,Browse
SES00471,USR00471,"2025-10-02 17:46:44","2025-10-02 17:56:44",10,Tablet,East,Email,Sports,314.86,No,Purchase
SES00472,USR00472,"2025-10-21 16:55:53","2025-10-21 16:58:53",3,Tablet,East,"Social Media",Beauty,0.00,Yes,Browse
SES00473,USR00473,"2025-10-23 06:52:26","2025-10-23 06:52:26",0,Mobile,North,"Google Ads",Home,0.00,Yes,Browse
SES00474,USR00474,"2025-10-08 14:38:22","2025-10-08 14:38:22",0,Desktop,West,"Google Ads",Sports,0.00,Yes,Browse
SES00475,USR00475,"2025-10-14 21:47:55","2025-10-14 21:47:55",0,Tablet,East,"Google Ads",Electronics,0.00,Yes,Browse
SES00476,USR00476,"2025-10-28 08:23:30","2025-10-28 08:27:30",4,Tablet,East,"Google Ads",Home,0.00,Yes,Checkout
SES00477,USR00477,"2025-10-30 04:01:39","2025-10-30 04:05:39",4,Mobile,North,"Social Media",Sports,0.00,Yes,Browse
SES00478,USR00478,"2025-10-18 11:31:56","2025-10-18 11:38:56",7,Tablet,East,Email,Beauty,0.00,Yes,Checkout
SES00479,USR00479,"2025-10-24 01:01:07","2025-10-24 01:05:07",4,Tablet,West,Email,Electronics,0.00,Yes,Checkout
SES00480,USR00480,"2025-10-25 09:54:04","2025-10-25 09:58:04",4,Desktop,East,Organic,Sports,0.00,Yes,Browse
SES00481,USR00481,"2025-10-13 23:38:25","2025-10-13 23:38:25",0,Mobile,North,Email,Electronics,0.00,Yes,Browse
SES00482,USR00482,"2025-10-29 18:39:33","2025-10-29 18:39:33",0,Tablet,North,"Google Ads",Electronics,0.00,Yes,Browse
SES00483,USR00483,"2025-10-20 09:30:49","2025-10-20 09:35:49",5,Desktop,East,"Social Media",Beauty,0.00,Yes,Browse
SES00484,USR00484,"2025-10-05 08:16:04","2025-10-05 08:24:04",8,Tablet,North,Email,Beauty,0.00,Yes,Checkout
SES00485,USR00485,"2025-10-25 02:13:00","2025-10-25 02:16:00",3,Mobile,West,"Google Ads",Sports,0.00,Yes,Browse
SES00486,USR00486,"2025-10-05 19:20:46","2025-10-05 19:23:46",3,Tablet,East,Organic,Electronics,0.00,Yes,Browse
SES00487,USR00487,"2025-10-14 01:25:36","2025-10-14 01:25:36",0,Mobile,North,Organic,Home,0.00,Yes,Browse
SES00488,USR00488,"2025-10-18 10:27:38","2025-10-18 10:31:38",4,Tablet,North,Organic,Sports,0.00,Yes,Browse
SES00489,USR00489,"2025-10-12 06:41:36","2025-10-12 06:48:36",7,Desktop,North,Organic,Electronics,0.00,Yes,Checkout
SES00490,USR00490,"2025-10-22 08:25:03","2025-10-22 08:34:03",9,Desktop,North,"Social Media",Beauty,0.00,Yes,Checkout
SES00491,USR00491,"2025-10-15 23:48:43","2025-10-15 23:52:43",4,Desktop,East,Organic,Home,0.00,Yes,Browse
SES00492,USR00492,"2025-10-20 21:28:41","2025-10-20 21:28:41",0,Desktop,South,"Google Ads",Beauty,0.00,Yes,Browse
SES00493,USR00493,"2025-10-23 17:06:14","2025-10-23 17:14:14",8,Desktop,West,Organic,Beauty,0.00,Yes,Checkout
SES00494,USR00494,"2025-10-11 19:52:16","2025-10-11 20:00:16",8,Tablet,North,"Google Ads",Fashion,0.00,Yes,Checkout
SES00495,USR00495,"2025-10-21 20:14:08","2025-10-21 20:26:08",12,Desktop,North,Email,Electronics,1223.52,No,Purchase
SES00496,USR00496,"2025-10-27 11:20:45","2025-10-27 11:23:45",3,Mobile,West,"Social Media",Fashion,0.00,Yes,Browse
SES00497,USR00497,"2025-10-13 08:10:41","2025-10-13 08:12:41",2,Desktop,North,"Google Ads",Fashion,0.00,Yes,Browse
SES00498,USR00498,"2025-10-30 12:59:51","2025-10-30 13:12:51",13,Desktop,North,"Social Media",Electronics,507.78,No,Purchase
SES00499,USR00499,"2025-10-16 20:31:08","2025-10-16 20:41:08",10,Tablet,East,Email,Beauty,0.00,Yes,Checkout
SES00500,USR00500,"2025-10-08 11:28:01","2025-10-08 11:37:01",9,Mobile,West,Organic,Sports,0.00,Yes,Checkout
SES00501,USR00501,"2025-10-14 07:19:10","2025-10-14 07:21:10",2,Desktop,North,Email,Sports,0.00,Yes,Browse
SES00502,USR00502,"2025-10-04 00:57:51","2025-10-04 00:57:51",0,Mobile,West,"Google Ads",Home,0.00,Yes,Browse
SES00503,USR00503,"2025-10-21 04:48:03","2025-10-21 04:51:03",3,Tablet,West,Organic,Electronics,0.00,Yes,Browse
SES00504,USR00504,"2025-10-22 13:16:57","2025-10-22 13:16:57",0,Tablet,East,Email,Home,0.00,Yes,Browse
SES00505,USR00505,"2025-10-12 19:35:32","2025-10-12 19:41:32",6,Desktop,South,Email,Fashion,0.00,Yes,Checkout
SES00506,USR00506,"2025-10-07 09:09:19","2025-10-07 09:18:19",9,Tablet,East,Email,Sports,0.00,Yes,Checkout
SES00507,USR00507,"2025-10-21 17:47:47","2025-10-21 17:54:47",7,Mobile,East,"Google Ads",Sports,0.00,Yes,Checkout
SES00508,USR00508,"2025-10-22 09:38:22","2025-10-22 09:42:22",4,Tablet,West,Organic,Home,0.00,Yes,Browse
SES00509,USR00509,"2025-10-15 13:50:04","2025-10-15 14:00:04",10,Mobile,East,"Social Media",Sports,1058.69,No,Purchase
SES00510,USR00510,"2025-10-05 10:45:32","2025-10-05 10:51:32",6,Desktop,South,"Social Media",Beauty,0.00,Yes,Checkout
SES00511,USR00511,"2025-10-12 04:50:07","2025-10-12 05:04:07",14,Desktop,South,Organic,Electronics,1305.54,No,Purchase
SES00512,USR00512,"2025-10-18 09:28:03","2025-10-18 09:28:03",0,Mobile,East,Organic,Electronics,0.00,Yes,Browse
SES00513,USR00513,"2025-10-11 12:01:31","2025-10-11 12:01:31",0,Mobile,East,"Google Ads",Fashion,0.00,Yes,Browse
SES00514,USR00514,"2025-10-29 14:20:43","2025-10-29 14:20:43",0,Tablet,South,"Social Media",Sports,0.00,Yes,Browse
SES00515,USR00515,"2025-10-31 06:35:30","2025-10-31 06:37:30",2,Desktop,West,"Social Media",Beauty,0.00,Yes,Browse
SES00516,USR00516,"2025-10-17 12:45:23","2025-10-17 12:49:23",4,Mobile,South,"Social Media",Home,0.00,Yes,Browse
SES00517,USR00517,"2025-10-05 21:59:26","2025-10-05 22:04:26",5,Desktop,West,"Social Media",Beauty,0.00,Yes,Browse
SES00518,USR00518,"2025-10-28 14:00:08","2025-10-28 14:12:08",12,Mobile,East,"Google Ads",Fashion,1342.06,No,Purchase
SES00519,USR00519,"2025-10-19 05:46:20","2025-10-19 05:46:20",0,Mobile,South,"Social Media",Sports,0.00,Yes,Browse
SES00520,USR00520,"2025-10-24 08:58:32","2025-10-24 09:03:32",5,Desktop,South,Email,Fashion,0.00,Yes,Browse
SES00521,USR00521,"2025-10-29 18:27:11","2025-10-29 18:32:11",5,Desktop,East,"Social Media",Beauty,0.00,Yes,Browse
SES00522,USR00522,"2025-10-16 18:00:25","2025-10-16 18:09:25",9,Mobile,North,"Google Ads",Sports,469.08,No,Purchase
SES00523,USR00523,"2025-10-30 12:11:10","2025-10-30 12:15:10",4,Tablet,West,Email,Fashion,0.00,Yes,Browse
SES00524,USR00524,"2025-10-05 01:55:23","2025-10-05 01:57:23",2,Mobile,West,Email,Electronics,0.00,Yes,Browse
SES00525,USR00525,"2025-10-21 18:39:48","2025-10-21 18:39:48",0,Tablet,West,Email,Electronics,0.00,Yes,Browse
SES00526,USR00526,"2025-10-30 22:31:41","2025-10-30 22:37:41",6,Mobile,North,Organic,Sports,0.00,Yes,Checkout
SES00527,USR00527,"2025-10-14 22:03:40","2025-10-14 22:03:40",0,Tablet,North,"Social Media",Fashion,0.00,Yes,Browse
SES00528,USR00528,"2025-10-25 03:14:03","2025-10-25 03:14:03",0,Desktop,South,Organic,Home,0.00,Yes,Browse
SES00529,USR00529,"2025-10-13 15:41:20","2025-10-13 15:44:20",3,Tablet,West,"Social Media",Electronics,0.00,Yes,Browse
SES00530,USR00530,"2025-10-06 19:04:29","2025-10-06 19:07:29",3,Mobile,East,Organic,Home,0.00,Yes,Browse
SES00531,USR00531,"2025-10-25 18:33:05","2025-10-25 18:33:05",0,Tablet,North,"Social Media",Electronics,0.00,Yes,Browse
SES00532,USR00532,"2025-10-17 02:14:59","2025-10-17 02:26:59",12,Desktop,South,Organic,Fashion,1202.52,No,Purchase
SES00533,USR00533,"2025-10-06 13:01:49","2025-10-06 13:03:49",2,Mobile,North,"Social Media",Beauty,0.00,Yes,Browse
SES00534,USR00534,"2025-10-04 03:37:02","2025-10-04 03:51:02",14,Mobile,North,Email,Home,1754.45,No,Purchase
SES00535,USR00535,"2025-10-28 04:05:46","2025-10-28 04:07:46",2,Mobile,East,"Social Media",Fashion,0.00,Yes,Browse
SES00536,USR00536,"2025-10-10 21:27:32","2025-10-10 21:27:32",0,Tablet,South,Email,Sports,0.00,Yes,Browse
SES00537,USR00537,"2025-10-05 18:17:52","2025-10-05 18:27:52",10,Tablet,South,"Google Ads",Fashion,1298.62,No,Purchase
SES00538,USR00538,"2025-10-28 09:22:58","2025-10-28 09:22:58",0,Mobile,West,Email,Fashion,0.00,Yes,Browse
SES00539,USR00539,"2025-10-11 13:08:35","2025-10-11 13:08:35",0,Desktop,West,Email,Beauty,0.00,Yes,Browse
SES00540,USR00540,"2025-10-22 08:44:53","2025-10-22 08:53:53",9,Desktop,North,Email,Sports,1597.72,No,Purchase
SES00541,USR00541,"2025-10-22 01:53:40","2025-10-22 01:53:40",0,Desktop,West,"Social Media",Beauty,0.00,Yes,Browse
SES00542,USR00542,"2025-10-20 19:51:01","2025-10-20 19:58:01",7,Tablet,South,Email,Fashion,0.00,Yes,Checkout
SES00543,USR00543,"2025-10-17 03:14:15","2025-10-17 03:16:15",2,Desktop,East,"Social Media",Beauty,0.00,Yes,Browse
SES00544,USR00544,"2025-10-16 23:29:04","2025-10-16 23:29:04",0,Desktop,South,Email,Beauty,0.00,Yes,Browse
SES00545,USR00545,"2025-10-16 16:23:08","2025-10-16 16:36:08",13,Mobile,East,Email,Electronics,1958.29,No,Purchase
SES00546,USR00546,"2025-10-23 09:40:42","2025-10-23 09:40:42",0,Mobile,East,"Google Ads",Fashion,0.00,Yes,Browse
SES00547,USR00547,"2025-10-11 12:58:17","2025-10-11 12:58:17",0,Desktop,West,"Social Media",Home,0.00,Yes,Browse
SES00548,USR00548,"2025-10-03 06:49:15","2025-10-03 07:00:15",11,Mobile,West,"Google Ads",Electronics,1292.95,No,Purchase
SES00549,USR00549,"2025-10-30 21:44:45","2025-10-30 21:48:45",4,Mobile,West,"Social Media",Sports,0.00,Yes,Browse
SES00550,USR00550,"2025-10-08 05:52:38","2025-10-08 05:56:38",4,Desktop,West,"Google Ads",Fashion,0.00,Yes,Browse
SES00551,USR00551,"2025-10-15 07:02:50","2025-10-15 07:02:50",0,Tablet,West,"Social Media",Beauty,0.00,Yes,Browse
SES00552,USR00552,"2025-10-16 06:42:58","2025-10-16 06:47:58",5,Tablet,West,Organic,Home,0.00,Yes,Checkout
SES00553,USR00553,"2025-10-11 21:43:48","2025-10-11 21:51:48",8,Tablet,North,"Social Media",Fashion,0.00,Yes,Checkout
SES00554,USR00554,"2025-10-30 12:44:27","2025-10-30 12:52:27",8,Mobile,North,"Social Media",Beauty,0.00,Yes,Checkout
SES00555,USR00555,"2025-10-09 23:47:43","2025-10-09 23:52:43",5,Desktop,West,Email,Electronics,0.00,Yes,Checkout
SES00556,USR00556,"2025-10-25 15:55:16","2025-10-25 15:58:16",3,Desktop,South,Organic,Fashion,0.00,Yes,Browse
SES00557,USR00557,"2025-10-21 04:44:59","2025-10-21 04:51:59",7,Desktop,South,"Google Ads",Electronics,0.00,Yes,Checkout
SES00558,USR00558,"2025-10-24 09:16:25","2025-10-24 09:16:25",0,Mobile,North,"Google Ads",Fashion,0.00,Yes,Browse
SES00559,USR00559,"2025-10-18 04:46:41","2025-10-18 04:49:41",3,Tablet,East,"Google Ads",Beauty,0.00,Yes,Browse
SES00560,USR00560,"2025-10-13 00:13:45","2025-10-13 00:18:45",5,Desktop,West,"Google Ads",Sports,0.00,Yes,Browse
SES00561,USR00561,"2025-10-22 08:27:08","2025-10-22 08:27:08",0,Mobile,North,"Social Media",Sports,0.00,Yes,Browse
SES00562,USR00562,"2025-10-29 13:18:34","2025-10-29 13:20:34",2,Mobile,East,"Social Media",Home,0.00,Yes,Browse
SES00563,USR00563,"2025-10-19 14:44:07","2025-10-19 14:49:07",5,Mobile,East,Email,Fashion,0.00,Yes,Browse
SES00564,USR00564,"2025-10-29 11:03:58","2025-10-29 11:03:58",0,Mobile,North,Organic,Fashion,0.00,Yes,Browse
SES00565,USR00565,"2025-10-22 20:57:40","2025-10-22 21:11:40",14,Desktop,East,Organic,Home,1125.21,No,Purchase
SES00566,USR00566,"2025-10-23 21:38:01","2025-10-23 21:40:01",2,Desktop,North,Organic,Fashion,0.00,Yes,Browse
SES00567,USR00567,"2025-10-18 18:05:12","2025-10-18 18:10:12",5,Tablet,South,Email,Beauty,0.00,Yes,Checkout
SES00568,USR00568,"2025-10-28 14:25:50","2025-10-28 14:27:50",2,Tablet,North,Email,Home,0.00,Yes,Browse
SES00569,USR00569,"2025-10-11 22:49:13","2025-10-11 22:54:13",5,Tablet,East,Email,Electronics,0.00,Yes,Browse
SES00570,USR00570,"2025-10-04 13:53:34","2025-10-04 13:55:34",2,Mobile,South,"Social Media",Fashion,0.00,Yes,Browse
SES00571,USR00571,"2025-10-05 15:52:32","2025-10-05 16:04:32",12,Mobile,South,"Social Media",Electronics,421.94,No,Purchase
SES00572,USR00572,"2025-10-06 18:23:03","2025-10-06 18:23:03",0,Tablet,West,Organic,Sports,0.00,Yes,Browse
SES00573,USR00573,"2025-10-14 06:15:14","2025-10-14 06:15:14",0,Tablet,East,Email,Fashion,0.00,Yes,Browse
SES00574,USR00574,"2025-10-23 01:52:37","2025-10-23 01:59:37",7,Mobile,East,Email,Fashion,0.00,Yes,Checkout
SES00575,USR00575,"2025-10-14 08:37:34","2025-10-14 08:49:34",12,Desktop,North,Organic,Sports,1724.64,No,Purchase
SES00576,USR00576,"2025-10-28 09:57:57","2025-10-28 10:01:57",4,Desktop,West,Organic,Home,0.00,Yes,Checkout
SES00577,USR00577,"2025-10-14 07:42:56","2025-10-14 07:42:56",0,Desktop,South,"Google Ads",Electronics,0.00,Yes,Browse
SES00578,USR00578,"2025-10-26 13:20:18","2025-10-26 13:32:18",12,Mobile,West,Organic,Sports,1823.09,No,Purchase
SES00579,USR00579,"2025-10-22 09:34:55","2025-10-22 09:41:55",7,Desktop,South,"Social Media",Electronics,0.00,Yes,Checkout
SES00580,USR00580,"2025-10-05 11:24:08","2025-10-05 11:31:08",7,Mobile,East,Organic,Home,0.00,Yes,Checkout
SES00581,USR00581,"2025-10-30 15:34:39","2025-10-30 15:41:39",7,Tablet,East,Organic,Sports,0.00,Yes,Checkout
SES00582,USR00582,"2025-10-20 19:43:01","2025-10-20 19:46:01",3,Desktop,West,"Google Ads",Home,0.00,Yes,Browse
SES00583,USR00583,"2025-10-14 03:11:32","2025-10-14 03:26:32",15,Tablet,South,"Social Media",Electronics,1980.42,No,Purchase
SES00584,USR00584,"2025-10-23 14:36:51","2025-10-23 14:40:51",4,Desktop,East,"Google Ads",Home,0.00,Yes,Browse
SES00585,USR00585,"2025-10-20 21:09:48","2025-10-20 21:13:48",4,Mobile,South,"Google Ads",Home,0.00,Yes,Browse
SES00586,USR00586,"2025-10-29 02:29:46","2025-10-29 02:34:46",5,Desktop,East,"Google Ads",Beauty,0.00,Yes,Browse
SES00587,USR00587,"2025-10-07 09:37:50","2025-10-07 09:45:50",8,Tablet,North,Organic,Electronics,0.00,Yes,Checkout
SES00588,USR00588,"2025-10-22 13:01:10","2025-10-22 13:06:10",5,Tablet,West,"Social Media",Electronics,0.00,Yes,Browse
SES00589,USR00589,"2025-10-10 02:22:02","2025-10-10 02:31:02",9,Tablet,West,"Social Media",Sports,0.00,Yes,Checkout
SES00590,USR00590,"2025-10-17 01:34:14","2025-10-17 01:38:14",4,Mobile,West,Email,Sports,0.00,Yes,Browse
SES00591,USR00591,"2025-10-20 18:57:15","2025-10-20 19:02:15",5,Tablet,North,"Social Media",Beauty,0.00,Yes,Browse
SES00592,USR00592,"2025-10-08 09:36:43","2025-10-08 09:36:43",0,Desktop,East,Organic,Sports,0.00,Yes,Browse
SES00593,USR00593,"2025-10-29 04:58:43","2025-10-29 04:58:43",0,Tablet,South,Organic,Beauty,0.00,Yes,Browse
SES00594,USR00594,"2025-10-17 19:46:33","2025-10-17 19:51:33",5,Tablet,North,Organic,Sports,0.00,Yes,Checkout
SES00595,USR00595,"2025-10-10 21:35:20","2025-10-10 21:38:20",3,Mobile,West,"Google Ads",Electronics,0.00,Yes,Browse
SES00596,USR00596,"2025-10-02 07:33:46","2025-10-02 07:33:46",0,Desktop,West,"Google Ads",Sports,0.00,Yes,Browse
SES00597,USR00597,"2025-10-31 09:12:45","2025-10-31 09:12:45",0,Desktop,South,"Google Ads",Sports,0.00,Yes,Browse
SES00598,USR00598,"2025-10-15 22:45:28","2025-10-15 22:48:28",3,Desktop,North,Email,Beauty,0.00,Yes,Browse
SES00599,USR00599,"2025-10-14 23:46:02","2025-10-14 23:56:02",10,Desktop,West,Organic,Electronics,1344.15,No,Purchase
SES00600,USR00600,"2025-10-15 01:00:17","2025-10-15 01:00:17",0,Tablet,North,"Social Media",Electronics,0.00,Yes,Browse
SES00601,USR00601,"2025-10-16 17:05:54","2025-10-16 17:11:54",6,Mobile,West,"Social Media",Electronics,0.00,Yes,Checkout
SES00602,USR00602,"2025-10-02 22:00:43","2025-10-02 22:05:43",5,Desktop,East,Email,Fashion,0.00,Yes,Checkout
SES00603,USR00603,"2025-10-29 22:55:18","2025-10-29 23:02:18",7,Mobile,North,"Google Ads",Home,1237.55,No,Purchase
SES00604,USR00604,"2025-10-06 22:24:45","2025-10-06 22:24:45",0,Desktop,West,Organic,Home,0.00,Yes,Browse
SES00605,USR00605,"2025-10-30 05:38:34","2025-10-30 05:45:34",7,Mobile,South,Organic,Electronics,0.00,Yes,Checkout
SES00606,USR00606,"2025-10-02 02:49:58","2025-10-02 02:53:58",4,Desktop,East,"Social Media",Home,0.00,Yes,Checkout
SES00607,USR00607,"2025-10-10 04:38:17","2025-10-10 04:38:17",0,Tablet,South,Email,Home,0.00,Yes,Browse
SES00608,USR00608,"2025-10-02 14:14:46","2025-10-02 14:23:46",9,Tablet,East,"Google Ads",Sports,0.00,Yes,Checkout
SES00609,USR00609,"2025-10-21 05:08:24","2025-10-21 05:08:24",0,Mobile,West,Organic,Electronics,0.00,Yes,Browse
SES00610,USR00610,"2025-10-17 03:05:21","2025-10-17 03:10:21",5,Desktop,South,Email,Fashion,0.00,Yes,Checkout
SES00611,USR00611,"2025-10-12 09:10:58","2025-10-12 09:10:58",0,Mobile,North,Organic,Electronics,0.00,Yes,Browse
SES00612,USR00612,"2025-10-26 00:44:51","2025-10-26 00:49:51",5,Desktop,West,"Google Ads",Beauty,0.00,Yes,Browse
SES00613,USR00613,"2025-10-26 01:26:44","2025-10-26 01:34:44",8,Desktop,West,Email,Beauty,1333.90,No,Purchase
SES00614,USR00614,"2025-10-02 11:27:47","2025-10-02 11:27:47",0,Mobile,West,"Google Ads",Sports,0.00,Yes,Browse
SES00615,USR00615,"2025-10-13 14:37:13","2025-10-13 14:43:13",6,Tablet,North,"Google Ads",Home,0.00,Yes,Checkout
SES00616,USR00616,"2025-10-16 01:13:21","2025-10-16 01:13:21",0,Mobile,North,Email,Electronics,0.00,Yes,Browse
SES00617,USR00617,"2025-10-05 03:19:14","2025-10-05 03:24:14",5,Desktop,East,Organic,Sports,0.00,Yes,Browse
SES00618,USR00618,"2025-10-03 12:41:57","2025-10-03 12:54:57",13,Mobile,West,"Social Media",Home,831.34,No,Purchase
SES00619,USR00619,"2025-10-19 10:38:20","2025-10-19 10:41:20",3,Desktop,West,"Google Ads",Electronics,0.00,Yes,Browse
SES00620,USR00620,"2025-10-15 05:15:37","2025-10-15 05:22:37",7,Mobile,West,"Google Ads",Fashion,0.00,Yes,Checkout
SES00621,USR00621,"2025-10-30 11:35:23","2025-10-30 11:40:23",5,Mobile,West,"Google Ads",Beauty,0.00,Yes,Checkout
SES00622,USR00622,"2025-10-28 03:25:51","2025-10-28 03:25:51",0,Desktop,West,"Google Ads",Beauty,0.00,Yes,Browse
SES00623,USR00623,"2025-10-03 11:00:41","2025-10-03 11:05:41",5,Desktop,West,"Social Media",Electronics,0.00,Yes,Browse
SES00624,USR00624,"2025-10-05 21:00:28","2025-10-05 21:08:28",8,Desktop,West,"Google Ads",Electronics,0.00,Yes,Checkout
SES00625,USR00625,"2025-10-05 21:14:29","2025-10-05 21:17:29",3,Tablet,North,Email,Sports,0.00,Yes,Browse
SES00626,USR00626,"2025-10-01 20:13:57","2025-10-01 20:16:57",3,Tablet,East,Email,Sports,0.00,Yes,Browse
SES00627,USR00627,"2025-10-04 15:05:48","2025-10-04 15:05:48",0,Mobile,South,Email,Beauty,0.00,Yes,Browse
SES00628,USR00628,"2025-10-20 06:20:27","2025-10-20 06:20:27",0,Tablet,West,Email,Home,0.00,Yes,Browse
SES00629,USR00629,"2025-10-29 09:32:00","2025-10-29 09:32:00",0,Desktop,South,Organic,Sports,0.00,Yes,Browse
SES00630,USR00630,"2025-10-12 23:04:54","2025-10-12 23:09:54",5,Mobile,East,"Google Ads",Fashion,0.00,Yes,Browse
SES00631,USR00631,"2025-10-11 22:45:11","2025-10-11 22:52:11",7,Desktop,North,Email,Fashion,0.00,Yes,Checkout
SES00632,USR00632,"2025-10-30 12:05:52","2025-10-30 12:09:52",4,Mobile,West,"Google Ads",Home,0.00,Yes,Browse
SES00633,USR00633,"2025-10-02 09:29:23","2025-10-02 09:29:23",0,Mobile,East,Organic,Beauty,0.00,Yes,Browse
SES00634,USR00634,"2025-10-22 05:03:49","2025-10-22 05:08:49",5,Tablet,West,"Social Media",Home,0.00,Yes,Browse
SES00635,USR00635,"2025-10-10 14:47:14","2025-10-10 14:55:14",8,Desktop,East,"Google Ads",Beauty,0.00,Yes,Checkout
SES00636,USR00636,"2025-10-13 04:42:27","2025-10-13 04:46:27",4,Mobile,East,Organic,Beauty,0.00,Yes,Browse
SES00637,USR00637,"2025-10-22 21:15:51","2025-10-22 21:18:51",3,Tablet,East,Organic,Sports,0.00,Yes,Browse
SES00638,USR00638,"2025-10-21 07:24:24","2025-10-21 07:28:24",4,Tablet,East,"Google Ads",Beauty,0.00,Yes,Browse
SES00639,USR00639,"2025-10-11 06:24:13","2025-10-11 06:31:13",7,Tablet,East,"Google Ads",Sports,0.00,Yes,Checkout
SES00640,USR00640,"2025-10-21 03:56:05","2025-10-21 03:56:05",0,Desktop,West,"Social Media",Electronics,0.00,Yes,Browse
SES00641,USR00641,"2025-10-25 02:22:05","2025-10-25 02:28:05",6,Mobile,South,Email,Sports,0.00,Yes,Checkout
SES00642,USR00642,"2025-10-21 07:14:15","2025-10-21 07:16:15",2,Desktop,West,"Google Ads",Electronics,0.00,Yes,Browse
SES00643,USR00643,"2025-10-17 23:47:44","2025-10-17 23:55:44",8,Tablet,West,"Google Ads",Electronics,0.00,Yes,Checkout
SES00644,USR00644,"2025-10-30 15:04:51","2025-10-30 15:06:51",2,Desktop,South,"Google Ads",Sports,0.00,Yes,Browse
SES00645,USR00645,"2025-10-11 18:29:24","2025-10-11 18:29:24",0,Mobile,North,"Google Ads",Home,0.00,Yes,Browse
SES00646,USR00646,"2025-10-10 06:16:38","2025-10-10 06:19:38",3,Desktop,East,"Google Ads",Beauty,0.00,Yes,Browse
SES00647,USR00647,"2025-10-24 12:46:48","2025-10-24 12:49:48",3,Desktop,North,Email,Beauty,0.00,Yes,Browse
SES00648,USR00648,"2025-10-25 01:57:22","2025-10-25 01:57:22",0,Desktop,West,"Social Media",Beauty,0.00,Yes,Browse
SES00649,USR00649,"2025-10-18 16:17:11","2025-10-18 16:24:11",7,Tablet,East,"Google Ads",Sports,0.00,Yes,Checkout
SES00650,USR00650,"2025-10-11 06:25:37","2025-10-11 06:36:37",11,Tablet,South,"Google Ads",Sports,631.17,No,Purchase
SES00651,USR00651,"2025-10-16 08:11:17","2025-10-16 08:21:17",10,Mobile,West,Organic,Electronics,0.00,Yes,Checkout
SES00652,USR00652,"2025-10-23 18:56:23","2025-10-23 18:56:23",0,Tablet,North,"Social Media",Electronics,0.00,Yes,Browse
SES00653,USR00653,"2025-10-24 22:30:01","2025-10-24 22:37:01",7,Desktop,East,"Google Ads",Sports,0.00,Yes,Checkout
SES00654,USR00654,"2025-10-06 13:01:41","2025-10-06 13:01:41",0,Tablet,West,Organic,Fashion,0.00,Yes,Browse
SES00655,USR00655,"2025-10-30 00:28:58","2025-10-30 00:30:58",2,Tablet,East,"Google Ads",Sports,0.00,Yes,Browse
SES00656,USR00656,"2025-10-17 19:51:46","2025-10-17 19:55:46",4,Desktop,South,Email,Electronics,0.00,Yes,Browse
SES00657,USR00657,"2025-10-24 06:48:13","2025-10-24 06:58:13",10,Tablet,West,Email,Fashion,0.00,Yes,Checkout
SES00658,USR00658,"2025-10-21 00:40:28","2025-10-21 00:43:28",3,Tablet,North,Email,Electronics,0.00,Yes,Browse
SES00659,USR00659,"2025-10-28 15:37:28","2025-10-28 15:41:28",4,Mobile,South,Organic,Fashion,0.00,Yes,Browse
SES00660,USR00660,"2025-10-19 23:37:28","2025-10-19 23:37:28",0,Tablet,North,"Social Media",Fashion,0.00,Yes,Browse
SES00661,USR00661,"2025-10-11 20:22:20","2025-10-11 20:27:20",5,Tablet,West,"Social Media",Sports,0.00,Yes,Browse
SES00662,USR00662,"2025-10-26 16:08:24","2025-10-26 16:12:24",4,Tablet,South,Organic,Electronics,0.00,Yes,Browse
SES00663,USR00663,"2025-10-26 22:49:08","2025-10-26 22:49:08",0,Mobile,East,"Google Ads",Electronics,0.00,Yes,Browse
SES00664,USR00664,"2025-10-24 07:27:05","2025-10-24 07:29:05",2,Desktop,North,Email,Sports,0.00,Yes,Browse
SES00665,USR00665,"2025-10-22 14:12:42","2025-10-22 14:22:42",10,Tablet,West,Organic,Home,0.00,Yes,Checkout
SES00666,USR00666,"2025-10-24 04:11:06","2025-10-24 04:17:06",6,Tablet,North,"Google Ads",Fashion,0.00,Yes,Checkout
SES00667,USR00667,"2025-10-14 22:38:21","2025-10-14 22:38:21",0,Tablet,West,"Google Ads",Sports,0.00,Yes,Browse
SES00668,USR00668,"2025-10-27 19:38:49","2025-10-27 19:41:49",3,Mobile,East,Organic,Home,0.00,Yes,Browse
SES00669,USR00669,"2025-10-02 23:26:21","2025-10-02 23:30:21",4,Mobile,South,Organic,Fashion,0.00,Yes,Browse
SES00670,USR00670,"2025-10-21 17:01:45","2025-10-21 17:06:45",5,Desktop,South,"Google Ads",Home,0.00,Yes,Browse
SES00671,USR00671,"2025-10-27 15:49:10","2025-10-27 15:59:10",10,Desktop,West,Organic,Fashion,0.00,Yes,Checkout
SES00672,USR00672,"2025-10-08 07:22:07","2025-10-08 07:29:07",7,Desktop,North,Email,Electronics,0.00,Yes,Checkout
SES00673,USR00673,"2025-10-27 15:14:46","2025-10-27 15:21:46",7,Mobile,East,Organic,Electronics,0.00,Yes,Checkout
SES00674,USR00674,"2025-10-20 11:52:07","2025-10-20 11:55:07",3,Mobile,North,"Social Media",Sports,0.00,Yes,Browse
SES00675,USR00675,"2025-10-31 16:31:14","2025-10-31 16:35:14",4,Desktop,South,Email,Electronics,0.00,Yes,Browse
SES00676,USR00676,"2025-10-28 21:39:05","2025-10-28 21:39:05",0,Desktop,South,Email,Fashion,0.00,Yes,Browse
SES00677,USR00677,"2025-10-10 13:10:52","2025-10-10 13:20:52",10,Tablet,West,"Google Ads",Electronics,1624.17,No,Purchase
SES00678,USR00678,"2025-10-19 22:05:12","2025-10-19 22:08:12",3,Desktop,North,"Social Media",Electronics,0.00,Yes,Browse
SES00679,USR00679,"2025-10-29 05:01:14","2025-10-29 05:01:14",0,Tablet,South,"Google Ads",Home,0.00,Yes,Browse
SES00680,USR00680,"2025-10-31 12:10:44","2025-10-31 12:18:44",8,Tablet,East,"Google Ads",Home,0.00,Yes,Checkout
SES00681,USR00681,"2025-10-08 13:09:14","2025-10-08 13:19:14",10,Desktop,East,"Google Ads",Home,0.00,Yes,Checkout
SES00682,USR00682,"2025-10-10 05:35:49","2025-10-10 05:39:49",4,Tablet,North,"Google Ads",Home,0.00,Yes,Browse
SES00683,USR00683,"2025-10-19 03:56:53","2025-10-19 04:01:53",5,Tablet,North,"Google Ads",Home,0.00,Yes,Checkout
SES00684,USR00684,"2025-10-09 09:01:58","2025-10-09 09:06:58",5,Mobile,North,"Social Media",Sports,0.00,Yes,Browse
SES00685,USR00685,"2025-10-27 11:02:52","2025-10-27 11:05:52",3,Mobile,West,"Social Media",Beauty,0.00,Yes,Browse
SES00686,USR00686,"2025-10-13 23:45:17","2025-10-13 23:47:17",2,Mobile,South,"Google Ads",Electronics,0.00,Yes,Browse
SES00687,USR00687,"2025-10-11 09:55:31","2025-10-11 09:55:31",0,Desktop,East,Organic,Home,0.00,Yes,Browse
SES00688,USR00688,"2025-10-24 03:59:16","2025-10-24 04:07:16",8,Desktop,North,Email,Home,0.00,Yes,Checkout
SES00689,USR00689,"2025-10-05 15:02:19","2025-10-05 15:07:19",5,Desktop,East,Organic,Electronics,0.00,Yes,Browse
SES00690,USR00690,"2025-10-19 22:48:32","2025-10-19 22:55:32",7,Mobile,North,Email,Beauty,0.00,Yes,Checkout
SES00691,USR00691,"2025-10-05 10:54:53","2025-10-05 10:59:53",5,Tablet,West,"Social Media",Beauty,0.00,Yes,Browse
SES00692,USR00692,"2025-10-19 05:37:31","2025-10-19 05:37:31",0,Mobile,South,Email,Electronics,0.00,Yes,Browse
SES00693,USR00693,"2025-10-13 01:50:50","2025-10-13 01:59:50",9,Tablet,South,"Social Media",Sports,0.00,Yes,Checkout
SES00694,USR00694,"2025-10-30 02:25:16","2025-10-30 02:25:16",0,Tablet,West,Organic,Electronics,0.00,Yes,Browse
SES00695,USR00695,"2025-10-24 08:32:29","2025-10-24 08:34:29",2,Desktop,East,Email,Sports,0.00,Yes,Browse
SES00696,USR00696,"2025-10-11 00:41:29","2025-10-11 00:41:29",0,Mobile,North,"Google Ads",Electronics,0.00,Yes,Browse
SES00697,USR00697,"2025-10-13 10:39:48","2025-10-13 10:47:48",8,Desktop,South,"Social Media",Home,0.00,Yes,Checkout
SES00698,USR00698,"2025-10-19 23:21:44","2025-10-19 23:21:44",0,Desktop,East,"Social Media",Electronics,0.00,Yes,Browse
SES00699,USR00699,"2025-10-08 02:48:12","2025-10-08 02:52:12",4,Tablet,West,Email,Electronics,0.00,Yes,Browse
SES00700,USR00700,"2025-10-07 11:11:13","2025-10-07 11:11:13",0,Mobile,North,"Google Ads",Sports,0.00,Yes,Browse
SES00701,USR00701,"2025-10-14 22:23:03","2025-10-14 22:23:03",0,Desktop,North,Email,Fashion,0.00,Yes,Browse
SES00702,USR00702,"2025-10-26 01:52:06","2025-10-26 01:56:06",4,Tablet,West,"Google Ads",Fashion,0.00,Yes,Checkout
SES00703,USR00703,"2025-10-21 16:15:10","2025-10-21 16:17:10",2,Tablet,East,"Social Media",Sports,0.00,Yes,Browse
SES00704,USR00704,"2025-10-16 04:10:21","2025-10-16 04:15:21",5,Desktop,West,Email,Electronics,0.00,Yes,Checkout
SES00705,USR00705,"2025-10-14 08:52:22","2025-10-14 08:56:22",4,Desktop,North,"Google Ads",Home,0.00,Yes,Browse
SES00706,USR00706,"2025-10-05 08:40:28","2025-10-05 08:45:28",5,Tablet,West,"Social Media",Beauty,0.00,Yes,Browse
SES00707,USR00707,"2025-10-24 03:42:08","2025-10-24 03:55:08",13,Desktop,West,"Social Media",Beauty,1427.16,No,Purchase
SES00708,USR00708,"2025-10-29 01:37:18","2025-10-29 01:43:18",6,Desktop,South,Email,Fashion,0.00,Yes,Checkout
SES00709,USR00709,"2025-10-07 08:17:15","2025-10-07 08:22:15",5,Tablet,South,"Google Ads",Beauty,0.00,Yes,Browse
SES00710,USR00710,"2025-10-10 19:47:05","2025-10-10 19:47:05",0,Desktop,North,"Google Ads",Sports,0.00,Yes,Browse
SES00711,USR00711,"2025-10-21 21:34:53","2025-10-21 21:46:53",12,Mobile,East,Email,Home,1692.45,No,Purchase
SES00712,USR00712,"2025-10-07 09:56:47","2025-10-07 09:58:47",2,Desktop,North,Organic,Beauty,0.00,Yes,Browse
SES00713,USR00713,"2025-10-25 01:47:24","2025-10-25 01:57:24",10,Mobile,North,Email,Home,336.51,No,Purchase
SES00714,USR00714,"2025-10-10 06:28:19","2025-10-10 06:28:19",0,Desktop,South,"Social Media",Fashion,0.00,Yes,Browse
SES00715,USR00715,"2025-10-15 10:34:44","2025-10-15 10:36:44",2,Desktop,South,Email,Fashion,0.00,Yes,Browse
SES00716,USR00716,"2025-10-11 22:31:19","2025-10-11 22:36:19",5,Desktop,North,"Google Ads",Beauty,0.00,Yes,Browse
SES00717,USR00717,"2025-10-26 17:52:51","2025-10-26 17:55:51",3,Mobile,East,Organic,Beauty,0.00,Yes,Browse
SES00718,USR00718,"2025-10-19 08:02:38","2025-10-19 08:02:38",0,Tablet,East,"Social Media",Sports,0.00,Yes,Browse
SES00719,USR00719,"2025-10-29 22:15:34","2025-10-29 22:24:34",9,Desktop,East,"Social Media",Electronics,641.54,No,Purchase
SES00720,USR00720,"2025-10-17 07:18:23","2025-10-17 07:20:23",2,Desktop,South,Email,Electronics,0.00,Yes,Browse
SES00721,USR00721,"2025-10-26 02:20:43","2025-10-26 02:20:43",0,Mobile,North,Organic,Fashion,0.00,Yes,Browse
SES00722,USR00722,"2025-10-13 00:12:32","2025-10-13 00:12:32",0,Desktop,North,"Social Media",Beauty,0.00,Yes,Browse
SES00723,USR00723,"2025-10-19 13:56:59","2025-10-19 13:56:59",0,Mobile,North,Organic,Beauty,0.00,Yes,Browse
SES00724,USR00724,"2025-10-16 15:59:17","2025-10-16 16:01:17",2,Tablet,West,Organic,Beauty,0.00,Yes,Browse
SES00725,USR00725,"2025-10-19 16:29:13","2025-10-19 16:31:13",2,Desktop,East,Email,Fashion,0.00,Yes,Browse
SES00726,USR00726,"2025-10-12 21:21:03","2025-10-12 21:29:03",8,Tablet,East,"Social Media",Home,0.00,Yes,Checkout
SES00727,USR00727,"2025-10-18 12:40:04","2025-10-18 12:40:04",0,Tablet,South,"Google Ads",Electronics,0.00,Yes,Browse
SES00728,USR00728,"2025-10-24 04:08:13","2025-10-24 04:18:13",10,Mobile,North,"Social Media",Sports,0.00,Yes,Checkout
SES00729,USR00729,"2025-10-13 14:31:57","2025-10-13 14:35:57",4,Tablet,West,"Social Media",Electronics,0.00,Yes,Browse
SES00730,USR00730,"2025-10-20 23:32:00","2025-10-20 23:38:00",6,Mobile,West,"Social Media",Sports,0.00,Yes,Checkout
SES00731,USR00731,"2025-10-13 17:41:15","2025-10-13 17:49:15",8,Mobile,South,Email,Electronics,0.00,Yes,Checkout
SES00732,USR00732,"2025-10-24 12:24:08","2025-10-24 12:35:08",11,Tablet,North,Email,Beauty,336.01,No,Purchase
SES00733,USR00733,"2025-10-05 17:54:25","2025-10-05 17:59:25",5,Mobile,North,Email,Home,0.00,Yes,Browse
SES00734,USR00734,"2025-10-14 21:26:38","2025-10-14 21:29:38",3,Tablet,East,Organic,Electronics,0.00,Yes,Browse
SES00735,USR00735,"2025-10-17 08:58:51","2025-10-17 09:03:51",5,Tablet,South,Email,Fashion,0.00,Yes,Browse
SES00736,USR00736,"2025-10-15 17:59:55","2025-10-15 18:03:55",4,Tablet,North,Email,Beauty,0.00,Yes,Browse
SES00737,USR00737,"2025-10-17 14:44:42","2025-10-17 14:46:42",2,Tablet,East,Email,Home,0.00,Yes,Browse
SES00738,USR00738,"2025-10-23 21:54:12","2025-10-23 22:03:12",9,Tablet,West,"Google Ads",Electronics,1492.13,No,Purchase
SES00739,USR00739,"2025-10-28 07:21:09","2025-10-28 07:28:09",7,Desktop,West,Organic,Sports,0.00,Yes,Checkout
SES00740,USR00740,"2025-10-05 19:22:40","2025-10-05 19:25:40",3,Mobile,South,Organic,Beauty,0.00,Yes,Browse
SES00741,USR00741,"2025-10-11 02:28:44","2025-10-11 02:30:44",2,Mobile,South,"Social Media",Beauty,0.00,Yes,Browse
SES00742,USR00742,"2025-10-20 03:28:36","2025-10-20 03:33:36",5,Desktop,North,Organic,Fashion,0.00,Yes,Browse
SES00743,USR00743,"2025-10-25 02:19:07","2025-10-25 02:19:07",0,Mobile,North,"Google Ads",Electronics,0.00,Yes,Browse
SES00744,USR00744,"2025-10-27 07:46:06","2025-10-27 07:46:06",0,Tablet,East,Email,Beauty,0.00,Yes,Browse
SES00745,USR00745,"2025-10-25 05:27:39","2025-10-25 05:30:39",3,Mobile,North,"Google Ads",Beauty,0.00,Yes,Browse
SES00746,USR00746,"2025-10-15 23:26:47","2025-10-15 23:36:47",10,Mobile,West,Email,Fashion,0.00,Yes,Checkout
SES00747,USR00747,"2025-10-10 17:22:20","2025-10-10 17:27:20",5,Mobile,East,Organic,Beauty,0.00,Yes,Browse
SES00748,USR00748,"2025-10-21 05:19:00","2025-10-21 05:27:00",8,Mobile,North,"Google Ads",Electronics,0.00,Yes,Checkout
SES00749,USR00749,"2025-10-07 09:44:43","2025-10-07 09:50:43",6,Desktop,North,"Google Ads",Sports,0.00,Yes,Checkout
SES00750,USR00750,"2025-10-09 06:37:56","2025-10-09 06:39:56",2,Desktop,North,"Social Media",Home,0.00,Yes,Browse
SES00751,USR00751,"2025-10-08 01:34:34","2025-10-08 01:36:34",2,Mobile,North,"Social Media",Beauty,0.00,Yes,Browse
SES00752,USR00752,"2025-10-14 04:15:23","2025-10-14 04:18:23",3,Tablet,West,Organic,Electronics,0.00,Yes,Browse
SES00753,USR00753,"2025-10-25 10:41:38","2025-10-25 10:45:38",4,Tablet,South,"Google Ads",Electronics,0.00,Yes,Checkout
SES00754,USR00754,"2025-10-14 00:26:26","2025-10-14 00:34:26",8,Mobile,East,"Social Media",Home,558.67,No,Purchase
SES00755,USR00755,"2025-10-19 14:21:25","2025-10-19 14:21:25",0,Mobile,North,Email,Sports,0.00,Yes,Browse
SES00756,USR00756,"2025-10-18 23:41:35","2025-10-18 23:41:35",0,Mobile,East,"Social Media",Electronics,0.00,Yes,Browse
SES00757,USR00757,"2025-10-17 19:42:19","2025-10-17 19:47:19",5,Desktop,East,"Social Media",Electronics,0.00,Yes,Browse
SES00758,USR00758,"2025-10-08 17:47:43","2025-10-08 17:54:43",7,Mobile,South,"Google Ads",Home,0.00,Yes,Checkout
SES00759,USR00759,"2025-10-07 17:28:51","2025-10-07 17:33:51",5,Tablet,North,"Social Media",Fashion,0.00,Yes,Checkout
SES00760,USR00760,"2025-10-09 17:52:43","2025-10-09 18:02:43",10,Desktop,East,Organic,Fashion,0.00,Yes,Checkout
SES00761,USR00761,"2025-10-03 07:14:06","2025-10-03 07:14:06",0,Tablet,West,Email,Home,0.00,Yes,Browse
SES00762,USR00762,"2025-10-22 06:45:00","2025-10-22 06:45:00",0,Mobile,East,Email,Home,0.00,Yes,Browse
SES00763,USR00763,"2025-10-06 17:30:27","2025-10-06 17:35:27",5,Desktop,North,Email,Fashion,0.00,Yes,Browse
SES00764,USR00764,"2025-10-28 22:39:20","2025-10-28 22:48:20",9,Desktop,South,"Social Media",Home,0.00,Yes,Checkout
SES00765,USR00765,"2025-10-20 07:15:38","2025-10-20 07:15:38",0,Mobile,East,"Social Media",Home,0.00,Yes,Browse
SES00766,USR00766,"2025-10-05 13:39:46","2025-10-05 13:51:46",12,Tablet,East,Organic,Home,899.08,No,Purchase
SES00767,USR00767,"2025-10-04 09:45:54","2025-10-04 09:45:54",0,Mobile,South,"Social Media",Fashion,0.00,Yes,Browse
SES00768,USR00768,"2025-10-28 04:17:02","2025-10-28 04:23:02",6,Desktop,West,Email,Beauty,0.00,Yes,Checkout
SES00769,USR00769,"2025-10-30 04:59:14","2025-10-30 05:03:14",4,Desktop,West,"Google Ads",Fashion,0.00,Yes,Browse
SES00770,USR00770,"2025-10-11 22:49:55","2025-10-11 22:49:55",0,Tablet,East,Email,Beauty,0.00,Yes,Browse
SES00771,USR00771,"2025-10-13 20:14:10","2025-10-13 20:21:10",7,Desktop,North,"Social Media",Electronics,0.00,Yes,Checkout
SES00772,USR00772,"2025-10-28 17:11:15","2025-10-28 17:11:15",0,Desktop,East,"Social Media",Beauty,0.00,Yes,Browse
SES00773,USR00773,"2025-10-21 13:04:57","2025-10-21 13:07:57",3,Mobile,East,Email,Electronics,0.00,Yes,Browse
SES00774,USR00774,"2025-10-13 23:52:32","2025-10-13 23:56:32",4,Mobile,North,"Social Media",Fashion,0.00,Yes,Browse
SES00775,USR00775,"2025-10-16 06:19:46","2025-10-16 06:19:46",0,Tablet,South,Email,Fashion,0.00,Yes,Browse
SES00776,USR00776,"2025-10-14 20:00:56","2025-10-14 20:10:56",10,Mobile,East,Organic,Home,0.00,Yes,Checkout
SES00777,USR00777,"2025-10-16 02:19:28","2025-10-16 02:19:28",0,Tablet,East,"Google Ads",Home,0.00,Yes,Browse
SES00778,USR00778,"2025-10-26 18:53:19","2025-10-26 19:05:19",12,Desktop,West,"Social Media",Beauty,868.17,No,Purchase
SES00779,USR00779,"2025-10-14 20:24:18","2025-10-14 20:32:18",8,Tablet,East,"Social Media",Sports,0.00,Yes,Checkout
SES00780,USR00780,"2025-10-16 12:39:19","2025-10-16 12:45:19",6,Tablet,West,"Social Media",Beauty,0.00,Yes,Checkout
SES00781,USR00781,"2025-10-07 12:44:31","2025-10-07 12:48:31",4,Desktop,North,Email,Electronics,0.00,Yes,Browse
SES00782,USR00782,"2025-10-26 15:39:59","2025-10-26 15:44:59",5,Tablet,West,Email,Home,0.00,Yes,Browse
SES00783,USR00783,"2025-10-26 05:45:26","2025-10-26 05:48:26",3,Tablet,West,Organic,Home,0.00,Yes,Browse
SES00784,USR00784,"2025-10-18 10:42:00","2025-10-18 10:42:00",0,Mobile,West,"Social Media",Fashion,0.00,Yes,Browse
SES00785,USR00785,"2025-10-03 00:00:01","2025-10-03 00:08:01",8,Desktop,North,Organic,Electronics,1302.07,No,Purchase
SES00786,USR00786,"2025-10-24 11:50:53","2025-10-24 11:50:53",0,Tablet,West,Email,Home,0.00,Yes,Browse
SES00787,USR00787,"2025-10-04 14:29:24","2025-10-04 14:29:24",0,Tablet,West,"Social Media",Beauty,0.00,Yes,Browse
SES00788,USR00788,"2025-10-14 15:39:45","2025-10-14 15:39:45",0,Tablet,North,Organic,Sports,0.00,Yes,Browse
SES00789,USR00789,"2025-10-17 23:48:28","2025-10-17 23:48:28",0,Mobile,North,Organic,Electronics,0.00,Yes,Browse
SES00790,USR00790,"2025-10-05 15:25:19","2025-10-05 15:30:19",5,Tablet,West,Organic,Electronics,0.00,Yes,Browse
SES00791,USR00791,"2025-10-21 10:00:39","2025-10-21 10:02:39",2,Desktop,South,"Social Media",Electronics,0.00,Yes,Browse
SES00792,USR00792,"2025-10-30 03:53:09","2025-10-30 03:56:09",3,Mobile,South,"Google Ads",Home,0.00,Yes,Browse
SES00793,USR00793,"2025-10-09 07:44:02","2025-10-09 07:44:02",0,Tablet,East,"Social Media",Electronics,0.00,Yes,Browse
SES00794,USR00794,"2025-10-07 14:29:23","2025-10-07 14:29:23",0,Desktop,North,"Social Media",Home,0.00,Yes,Browse
SES00795,USR00795,"2025-10-25 18:06:50","2025-10-25 18:09:50",3,Mobile,North,"Google Ads",Electronics,0.00,Yes,Browse
SES00796,USR00796,"2025-10-04 19:55:25","2025-10-04 20:06:25",11,Mobile,West,"Social Media",Sports,1237.13,No,Purchase
SES00797,USR00797,"2025-10-21 13:35:28","2025-10-21 13:42:28",7,Desktop,South,"Google Ads",Fashion,0.00,Yes,Checkout
SES00798,USR00798,"2025-10-26 07:59:42","2025-10-26 08:03:42",4,Tablet,East,"Social Media",Electronics,0.00,Yes,Checkout
SES00799,USR00799,"2025-10-30 19:07:23","2025-10-30 19:12:23",5,Desktop,North,Organic,Home,0.00,Yes,Browse
SES00800,USR00800,"2025-10-21 13:53:57","2025-10-21 13:53:57",0,Mobile,East,"Google Ads",Fashion,0.00,Yes,Browse
SES00801,USR00801,"2025-10-23 21:03:34","2025-10-23 21:08:34",5,Tablet,West,Email,Home,0.00,Yes,Browse
SES00802,USR00802,"2025-10-10 08:20:59","2025-10-10 08:25:59",5,Tablet,South,"Google Ads",Home,0.00,Yes,Browse
SES00803,USR00803,"2025-10-27 14:23:44","2025-10-27 14:27:44",4,Desktop,East,"Social Media",Sports,0.00,Yes,Browse
SES00804,USR00804,"2025-10-18 22:28:32","2025-10-18 22:32:32",4,Desktop,North,Organic,Electronics,0.00,Yes,Checkout
SES00805,USR00805,"2025-10-25 09:04:13","2025-10-25 09:04:13",0,Desktop,North,"Social Media",Electronics,0.00,Yes,Browse
SES00806,USR00806,"2025-10-03 00:22:07","2025-10-03 00:27:07",5,Mobile,West,Organic,Home,0.00,Yes,Browse
SES00807,USR00807,"2025-10-12 21:04:06","2025-10-12 21:06:06",2,Mobile,North,"Social Media",Fashion,0.00,Yes,Browse
SES00808,USR00808,"2025-10-21 16:12:45","2025-10-21 16:22:45",10,Mobile,North,Email,Fashion,0.00,Yes,Checkout
SES00809,USR00809,"2025-10-19 00:16:08","2025-10-19 00:18:08",2,Mobile,East,"Google Ads",Sports,0.00,Yes,Browse
SES00810,USR00810,"2025-10-27 14:35:13","2025-10-27 14:35:13",0,Tablet,South,"Google Ads",Beauty,0.00,Yes,Browse
SES00811,USR00811,"2025-10-20 07:57:24","2025-10-20 07:57:24",0,Desktop,East,"Social Media",Electronics,0.00,Yes,Browse
SES00812,USR00812,"2025-10-05 00:39:22","2025-10-05 00:48:22",9,Desktop,North,Organic,Fashion,259.84,No,Purchase
SES00813,USR00813,"2025-10-05 06:54:43","2025-10-05 06:54:43",0,Tablet,West,Email,Sports,0.00,Yes,Browse
SES00814,USR00814,"2025-10-12 00:09:01","2025-10-12 00:18:01",9,Desktop,South,"Google Ads",Beauty,0.00,Yes,Checkout
SES00815,USR00815,"2025-10-05 13:22:09","2025-10-05 13:26:09",4,Tablet,West,"Social Media",Electronics,0.00,Yes,Browse
SES00816,USR00816,"2025-10-10 05:12:23","2025-10-10 05:21:23",9,Tablet,East,"Social Media",Electronics,1140.66,No,Purchase
SES00817,USR00817,"2025-10-08 22:48:14","2025-10-08 22:48:14",0,Tablet,North,Organic,Fashion,0.00,Yes,Browse
SES00818,USR00818,"2025-10-16 15:27:48","2025-10-16 15:27:48",0,Desktop,West,"Google Ads",Home,0.00,Yes,Browse
SES00819,USR00819,"2025-10-26 03:50:56","2025-10-26 03:57:56",7,Mobile,West,Organic,Beauty,0.00,Yes,Checkout
SES00820,USR00820,"2025-10-02 21:41:32","2025-10-02 21:41:32",0,Tablet,North,Organic,Home,0.00,Yes,Browse
SES00821,USR00821,"2025-10-13 15:42:54","2025-10-13 15:46:54",4,Tablet,North,"Google Ads",Home,0.00,Yes,Browse
SES00822,USR00822,"2025-10-03 11:55:24","2025-10-03 11:55:24",0,Tablet,North,Email,Electronics,0.00,Yes,Browse
SES00823,USR00823,"2025-10-23 00:19:43","2025-10-23 00:22:43",3,Tablet,North,"Google Ads",Beauty,0.00,Yes,Browse
SES00824,USR00824,"2025-10-21 13:17:31","2025-10-21 13:17:31",0,Mobile,East,"Google Ads",Electronics,0.00,Yes,Browse
SES00825,USR00825,"2025-10-22 00:26:50","2025-10-22 00:31:50",5,Desktop,North,"Google Ads",Electronics,0.00,Yes,Checkout
SES00826,USR00826,"2025-10-15 21:09:54","2025-10-15 21:09:54",0,Tablet,West,Organic,Fashion,0.00,Yes,Browse
SES00827,USR00827,"2025-10-05 05:27:09","2025-10-05 05:34:09",7,Desktop,South,"Social Media",Home,0.00,Yes,Checkout
SES00828,USR00828,"2025-10-07 14:44:21","2025-10-07 14:51:21",7,Mobile,West,Email,Electronics,0.00,Yes,Checkout
SES00829,USR00829,"2025-10-21 06:17:52","2025-10-21 06:26:52",9,Tablet,East,"Social Media",Fashion,0.00,Yes,Checkout
SES00830,USR00830,"2025-10-26 23:16:07","2025-10-26 23:20:07",4,Tablet,East,"Google Ads",Home,0.00,Yes,Browse
SES00831,USR00831,"2025-10-16 10:05:25","2025-10-16 10:09:25",4,Mobile,West,Organic,Beauty,0.00,Yes,Browse
SES00832,USR00832,"2025-10-24 22:31:19","2025-10-24 22:41:19",10,Mobile,West,"Social Media",Electronics,0.00,Yes,Checkout
SES00833,USR00833,"2025-10-11 23:40:13","2025-10-11 23:43:13",3,Desktop,East,Email,Electronics,0.00,Yes,Browse
SES00834,USR00834,"2025-10-20 08:12:19","2025-10-20 08:20:19",8,Desktop,East,Email,Sports,1207.84,No,Purchase
SES00835,USR00835,"2025-10-23 21:54:18","2025-10-23 21:54:18",0,Mobile,East,"Social Media",Sports,0.00,Yes,Browse
SES00836,USR00836,"2025-10-12 18:58:57","2025-10-12 19:02:57",4,Tablet,East,"Google Ads",Electronics,0.00,Yes,Browse
SES00837,USR00837,"2025-10-05 16:14:46","2025-10-05 16:14:46",0,Mobile,East,Email,Fashion,0.00,Yes,Browse
SES00838,USR00838,"2025-10-05 21:35:34","2025-10-05 21:43:34",8,Mobile,South,Email,Fashion,649.75,No,Purchase
SES00839,USR00839,"2025-10-08 21:15:42","2025-10-08 21:18:42",3,Tablet,South,"Social Media",Sports,0.00,Yes,Browse
SES00840,USR00840,"2025-10-18 05:16:06","2025-10-18 05:21:06",5,Desktop,South,Organic,Fashion,0.00,Yes,Browse
SES00841,USR00841,"2025-10-20 09:27:30","2025-10-20 09:32:30",5,Mobile,South,Email,Fashion,0.00,Yes,Browse
SES00842,USR00842,"2025-10-10 06:44:42","2025-10-10 06:46:42",2,Mobile,West,"Google Ads",Beauty,0.00,Yes,Browse
SES00843,USR00843,"2025-10-13 23:57:29","2025-10-14 00:00:29",3,Mobile,North,Email,Home,0.00,Yes,Browse
SES00844,USR00844,"2025-10-04 02:54:35","2025-10-04 02:54:35",0,Mobile,West,"Social Media",Electronics,0.00,Yes,Browse
SES00845,USR00845,"2025-10-21 19:45:36","2025-10-21 19:45:36",0,Desktop,North,Organic,Home,0.00,Yes,Browse
SES00846,USR00846,"2025-10-28 00:03:37","2025-10-28 00:05:37",2,Mobile,West,Email,Beauty,0.00,Yes,Browse
SES00847,USR00847,"2025-10-12 13:31:14","2025-10-12 13:31:14",0,Mobile,East,Email,Sports,0.00,Yes,Browse
SES00848,USR00848,"2025-10-11 19:31:53","2025-10-11 19:35:53",4,Mobile,North,"Social Media",Electronics,0.00,Yes,Browse
SES00849,USR00849,"2025-10-11 19:17:00","2025-10-11 19:25:00",8,Mobile,South,Organic,Sports,0.00,Yes,Checkout
SES00850,USR00850,"2025-10-08 20:23:16","2025-10-08 20:32:16",9,Mobile,South,Organic,Electronics,1762.67,No,Purchase
SES00851,USR00851,"2025-10-21 03:27:37","2025-10-21 03:27:37",0,Desktop,South,Organic,Sports,0.00,Yes,Browse
SES00852,USR00852,"2025-10-13 18:35:06","2025-10-13 18:35:06",0,Mobile,South,Email,Sports,0.00,Yes,Browse
SES00853,USR00853,"2025-10-13 01:57:18","2025-10-13 01:59:18",2,Mobile,East,"Google Ads",Electronics,0.00,Yes,Browse
SES00854,USR00854,"2025-10-20 19:55:57","2025-10-20 20:06:57",11,Tablet,South,Email,Home,670.60,No,Purchase
SES00855,USR00855,"2025-10-26 04:12:14","2025-10-26 04:17:14",5,Mobile,West,"Social Media",Home,0.00,Yes,Checkout
SES00856,USR00856,"2025-10-04 18:07:49","2025-10-04 18:11:49",4,Tablet,West,Organic,Beauty,0.00,Yes,Checkout
SES00857,USR00857,"2025-10-31 08:11:31","2025-10-31 08:11:31",0,Tablet,East,Organic,Sports,0.00,Yes,Browse
SES00858,USR00858,"2025-10-11 19:47:33","2025-10-11 19:55:33",8,Tablet,South,Organic,Home,0.00,Yes,Checkout
SES00859,USR00859,"2025-10-26 18:31:29","2025-10-26 18:38:29",7,Mobile,East,"Social Media",Fashion,0.00,Yes,Checkout
SES00860,USR00860,"2025-10-31 02:31:21","2025-10-31 02:40:21",9,Mobile,South,"Google Ads",Fashion,0.00,Yes,Checkout
SES00861,USR00861,"2025-10-09 06:48:57","2025-10-09 06:51:57",3,Desktop,South,Email,Home,0.00,Yes,Browse
SES00862,USR00862,"2025-10-27 16:17:08","2025-10-27 16:23:08",6,Tablet,West,"Social Media",Home,0.00,Yes,Checkout
SES00863,USR00863,"2025-10-25 07:07:25","2025-10-25 07:07:25",0,Mobile,West,Email,Fashion,0.00,Yes,Browse
SES00864,USR00864,"2025-10-13 08:02:25","2025-10-13 08:02:25",0,Desktop,West,"Social Media",Electronics,0.00,Yes,Browse
SES00865,USR00865,"2025-10-22 06:39:53","2025-10-22 06:41:53",2,Mobile,South,Email,Fashion,0.00,Yes,Browse
SES00866,USR00866,"2025-10-08 18:26:24","2025-10-08 18:39:24",13,Tablet,South,"Social Media",Beauty,1028.80,No,Purchase
SES00867,USR00867,"2025-10-11 16:55:45","2025-10-11 16:58:45",3,Tablet,East,"Google Ads",Home,0.00,Yes,Browse
SES00868,USR00868,"2025-10-19 19:57:26","2025-10-19 19:59:26",2,Desktop,East,Email,Electronics,0.00,Yes,Browse
SES00869,USR00869,"2025-10-11 07:59:44","2025-10-11 08:03:44",4,Desktop,North,"Social Media",Beauty,0.00,Yes,Browse
SES00870,USR00870,"2025-10-18 03:19:32","2025-10-18 03:24:32",5,Desktop,South,"Social Media",Electronics,0.00,Yes,Browse
SES00871,USR00871,"2025-10-12 01:15:50","2025-10-12 01:15:50",0,Tablet,South,"Google Ads",Beauty,0.00,Yes,Browse
SES00872,USR00872,"2025-10-21 15:56:09","2025-10-21 15:56:09",0,Desktop,West,"Social Media",Fashion,0.00,Yes,Browse
SES00873,USR00873,"2025-10-20 17:26:37","2025-10-20 17:30:37",4,Mobile,South,Organic,Electronics,0.00,Yes,Browse
SES00874,USR00874,"2025-10-21 01:00:20","2025-10-21 01:05:20",5,Mobile,East,Organic,Sports,0.00,Yes,Browse
SES00875,USR00875,"2025-10-18 21:02:53","2025-10-18 21:10:53",8,Desktop,North,Email,Fashion,0.00,Yes,Checkout
SES00876,USR00876,"2025-10-07 15:52:05","2025-10-07 15:55:05",3,Mobile,West,Organic,Sports,0.00,Yes,Browse
SES00877,USR00877,"2025-10-23 01:30:38","2025-10-23 01:30:38",0,Mobile,South,"Google Ads",Electronics,0.00,Yes,Browse
SES00878,USR00878,"2025-10-28 17:19:19","2025-10-28 17:27:19",8,Mobile,North,"Social Media",Beauty,0.00,Yes,Checkout
SES00879,USR00879,"2025-10-21 23:08:36","2025-10-21 23:08:36",0,Mobile,East,Organic,Sports,0.00,Yes,Browse
SES00880,USR00880,"2025-10-26 09:34:05","2025-10-26 09:34:05",0,Desktop,West,Email,Home,0.00,Yes,Browse
SES00881,USR00881,"2025-10-30 02:04:46","2025-10-30 02:13:46",9,Tablet,South,Organic,Fashion,0.00,Yes,Checkout
SES00882,USR00882,"2025-10-02 15:01:30","2025-10-02 15:15:30",14,Tablet,West,Email,Sports,684.51,No,Purchase
SES00883,USR00883,"2025-10-24 03:15:09","2025-10-24 03:18:09",3,Desktop,East,Organic,Beauty,0.00,Yes,Browse
SES00884,USR00884,"2025-10-14 07:46:57","2025-10-14 07:59:57",13,Mobile,West,Organic,Fashion,498.52,No,Purchase
SES00885,USR00885,"2025-10-02 06:30:48","2025-10-02 06:30:48",0,Tablet,South,"Google Ads",Beauty,0.00,Yes,Browse
SES00886,USR00886,"2025-10-07 14:47:59","2025-10-07 14:50:59",3,Mobile,South,"Google Ads",Fashion,0.00,Yes,Browse
SES00887,USR00887,"2025-10-16 21:02:41","2025-10-16 21:04:41",2,Desktop,West,"Social Media",Electronics,0.00,Yes,Browse
SES00888,USR00888,"2025-10-12 02:02:44","2025-10-12 02:14:44",12,Mobile,West,Email,Sports,378.98,No,Purchase
SES00889,USR00889,"2025-10-24 19:02:20","2025-10-24 19:07:20",5,Desktop,South,"Social Media",Fashion,0.00,Yes,Browse
SES00890,USR00890,"2025-10-21 12:49:46","2025-10-21 12:51:46",2,Tablet,North,Email,Home,0.00,Yes,Browse
SES00891,USR00891,"2025-10-07 11:11:49","2025-10-07 11:15:49",4,Tablet,South,"Social Media",Home,0.00,Yes,Checkout
SES00892,USR00892,"2025-10-17 02:18:50","2025-10-17 02:24:50",6,Desktop,North,"Google Ads",Home,0.00,Yes,Checkout
SES00893,USR00893,"2025-10-06 10:50:25","2025-10-06 10:54:25",4,Desktop,East,"Social Media",Beauty,0.00,Yes,Browse
SES00894,USR00894,"2025-10-23 00:05:41","2025-10-23 00:08:41",3,Desktop,South,Email,Fashion,0.00,Yes,Browse
SES00895,USR00895,"2025-10-19 13:59:26","2025-10-19 14:01:26",2,Tablet,South,Organic,Home,0.00,Yes,Browse
SES00896,USR00896,"2025-10-03 23:24:54","2025-10-03 23:34:54",10,Desktop,South,"Social Media",Beauty,631.75,No,Purchase
SES00897,USR00897,"2025-10-29 20:25:39","2025-10-29 20:25:39",0,Desktop,West,"Social Media",Home,0.00,Yes,Browse
SES00898,USR00898,"2025-10-16 04:38:08","2025-10-16 04:38:08",0,Desktop,East,"Google Ads",Home,0.00,Yes,Browse
SES00899,USR00899,"2025-10-02 11:36:48","2025-10-02 11:36:48",0,Mobile,South,Email,Beauty,0.00,Yes,Browse
SES00900,USR00900,"2025-10-26 05:28:43","2025-10-26 05:32:43",4,Mobile,East,Email,Sports,0.00,Yes,Browse
SES00901,USR00901,"2025-10-08 14:47:50","2025-10-08 14:58:50",11,Desktop,East,Organic,Fashion,1204.92,No,Purchase
SES00902,USR00902,"2025-10-12 10:52:06","2025-10-12 10:52:06",0,Desktop,North,Email,Beauty,0.00,Yes,Browse
SES00903,USR00903,"2025-10-06 08:04:12","2025-10-06 08:04:12",0,Mobile,South,Email,Sports,0.00,Yes,Browse
SES00904,USR00904,"2025-10-16 02:28:35","2025-10-16 02:33:35",5,Mobile,East,Organic,Electronics,0.00,Yes,Browse
SES00905,USR00905,"2025-10-24 17:39:35","2025-10-24 17:41:35",2,Tablet,South,Email,Beauty,0.00,Yes,Browse
SES00906,USR00906,"2025-10-15 12:14:13","2025-10-15 12:14:13",0,Mobile,West,Email,Beauty,0.00,Yes,Browse
SES00907,USR00907,"2025-10-13 07:09:28","2025-10-13 07:15:28",6,Mobile,North,Organic,Beauty,0.00,Yes,Checkout
SES00908,USR00908,"2025-10-27 10:30:09","2025-10-27 10:41:09",11,Tablet,West,"Social Media",Fashion,1024.97,No,Purchase
SES00909,USR00909,"2025-10-11 10:07:29","2025-10-11 10:07:29",0,Tablet,West,Organic,Fashion,0.00,Yes,Browse
SES00910,USR00910,"2025-10-05 23:45:07","2025-10-05 23:45:07",0,Mobile,North,Email,Home,0.00,Yes,Browse
SES00911,USR00911,"2025-10-18 11:52:53","2025-10-18 11:55:53",3,Desktop,East,"Google Ads",Fashion,0.00,Yes,Browse
SES00912,USR00912,"2025-10-30 20:54:58","2025-10-30 20:54:58",0,Mobile,East,"Social Media",Fashion,0.00,Yes,Browse
SES00913,USR00913,"2025-10-27 21:06:27","2025-10-27 21:06:27",0,Tablet,West,Organic,Fashion,0.00,Yes,Browse
SES00914,USR00914,"2025-10-24 01:27:02","2025-10-24 01:29:02",2,Desktop,East,"Google Ads",Sports,0.00,Yes,Browse
SES00915,USR00915,"2025-10-23 18:41:36","2025-10-23 18:43:36",2,Desktop,East,Organic,Beauty,0.00,Yes,Browse
SES00916,USR00916,"2025-10-19 04:03:30","2025-10-19 04:08:30",5,Desktop,South,"Social Media",Home,0.00,Yes,Browse
SES00917,USR00917,"2025-10-08 21:21:36","2025-10-08 21:31:36",10,Mobile,West,"Google Ads",Fashion,484.61,No,Purchase
SES00918,USR00918,"2025-10-27 12:08:27","2025-10-27 12:12:27",4,Desktop,West,Email,Sports,0.00,Yes,Browse
SES00919,USR00919,"2025-10-16 16:03:15","2025-10-16 16:13:15",10,Mobile,North,Organic,Beauty,0.00,Yes,Checkout
SES00920,USR00920,"2025-10-20 19:59:21","2025-10-20 19:59:21",0,Tablet,North,"Social Media",Fashion,0.00,Yes,Browse
SES00921,USR00921,"2025-10-02 14:31:56","2025-10-02 14:33:56",2,Desktop,West,Organic,Beauty,0.00,Yes,Browse
SES00922,USR00922,"2025-10-13 20:48:39","2025-10-13 20:50:39",2,Tablet,North,Email,Electronics,0.00,Yes,Browse
SES00923,USR00923,"2025-10-04 19:35:08","2025-10-04 19:38:08",3,Tablet,East,"Social Media",Electronics,0.00,Yes,Browse
SES00924,USR00924,"2025-10-03 00:37:04","2025-10-03 00:44:04",7,Mobile,North,Email,Electronics,0.00,Yes,Checkout
SES00925,USR00925,"2025-10-23 15:32:56","2025-10-23 15:44:56",12,Tablet,West,Email,Home,1964.80,No,Purchase
SES00926,USR00926,"2025-10-23 23:13:56","2025-10-23 23:15:56",2,Mobile,North,Organic,Sports,0.00,Yes,Browse
SES00927,USR00927,"2025-10-05 01:41:35","2025-10-05 01:45:35",4,Mobile,East,Organic,Electronics,0.00,Yes,Browse
SES00928,USR00928,"2025-10-30 18:33:36","2025-10-30 18:33:36",0,Tablet,North,Organic,Sports,0.00,Yes,Browse
SES00929,USR00929,"2025-10-01 21:58:55","2025-10-01 22:10:55",12,Tablet,South,Email,Beauty,1504.63,No,Purchase
SES00930,USR00930,"2025-10-23 05:39:10","2025-10-23 05:47:10",8,Tablet,West,Email,Beauty,0.00,Yes,Checkout
SES00931,USR00931,"2025-10-09 04:55:11","2025-10-09 05:04:11",9,Mobile,North,Email,Electronics,1726.89,No,Purchase
SES00932,USR00932,"2025-10-21 17:39:47","2025-10-21 17:39:47",0,Tablet,West,"Social Media",Home,0.00,Yes,Browse
SES00933,USR00933,"2025-10-03 18:34:48","2025-10-03 18:40:48",6,Mobile,West,Organic,Home,0.00,Yes,Checkout
SES00934,USR00934,"2025-10-16 11:01:58","2025-10-16 11:03:58",2,Mobile,South,"Google Ads",Electronics,0.00,Yes,Browse
SES00935,USR00935,"2025-10-14 14:33:04","2025-10-14 14:40:04",7,Mobile,West,"Google Ads",Sports,0.00,Yes,Checkout
SES00936,USR00936,"2025-10-31 10:21:37","2025-10-31 10:21:37",0,Tablet,East,Organic,Sports,0.00,Yes,Browse
SES00937,USR00937,"2025-10-13 20:33:47","2025-10-13 20:33:47",0,Desktop,North,"Google Ads",Fashion,0.00,Yes,Browse
SES00938,USR00938,"2025-10-25 18:22:21","2025-10-25 18:29:21",7,Mobile,West,"Google Ads",Beauty,0.00,Yes,Checkout
SES00939,USR00939,"2025-10-05 01:59:04","2025-10-05 01:59:04",0,Mobile,East,Email,Beauty,0.00,Yes,Browse
SES00940,USR00940,"2025-10-26 13:14:34","2025-10-26 13:19:34",5,Tablet,South,Organic,Beauty,0.00,Yes,Browse
SES00941,USR00941,"2025-10-13 10:53:13","2025-10-13 10:55:13",2,Tablet,North,"Google Ads",Home,0.00,Yes,Browse
SES00942,USR00942,"2025-10-08 16:15:34","2025-10-08 16:26:34",11,Tablet,East,Organic,Electronics,969.30,No,Purchase
SES00943,USR00943,"2025-10-21 14:57:21","2025-10-21 15:04:21",7,Desktop,South,Email,Fashion,0.00,Yes,Checkout
SES00944,USR00944,"2025-10-06 03:45:37","2025-10-06 03:55:37",10,Tablet,North,Organic,Electronics,1154.34,No,Purchase
SES00945,USR00945,"2025-10-23 05:17:47","2025-10-23 05:22:47",5,Tablet,West,"Social Media",Home,0.00,Yes,Browse
SES00946,USR00946,"2025-10-26 20:02:14","2025-10-26 20:07:14",5,Desktop,South,"Google Ads",Electronics,0.00,Yes,Browse
SES00947,USR00947,"2025-10-19 01:38:09","2025-10-19 01:42:09",4,Desktop,North,Email,Sports,0.00,Yes,Browse
SES00948,USR00948,"2025-10-09 20:28:58","2025-10-09 20:36:58",8,Desktop,East,"Google Ads",Electronics,0.00,Yes,Checkout
SES00949,USR00949,"2025-10-10 22:03:14","2025-10-10 22:10:14",7,Mobile,East,"Google Ads",Home,0.00,Yes,Checkout
SES00950,USR00950,"2025-10-29 03:05:37","2025-10-29 03:05:37",0,Desktop,East,Email,Home,0.00,Yes,Browse
SES00951,USR00951,"2025-10-20 18:54:57","2025-10-20 18:54:57",0,Mobile,East,"Google Ads",Sports,0.00,Yes,Browse
SES00952,USR00952,"2025-10-30 07:18:23","2025-10-30 07:22:23",4,Desktop,North,"Google Ads",Sports,0.00,Yes,Checkout
SES00953,USR00953,"2025-10-03 13:22:39","2025-10-03 13:24:39",2,Mobile,West,"Social Media",Beauty,0.00,Yes,Browse
SES00954,USR00954,"2025-10-09 08:51:36","2025-10-09 08:51:36",0,Mobile,East,"Google Ads",Home,0.00,Yes,Browse
SES00955,USR00955,"2025-10-15 02:34:35","2025-10-15 02:34:35",0,Mobile,East,Organic,Electronics,0.00,Yes,Browse
SES00956,USR00956,"2025-10-14 12:27:30","2025-10-14 12:31:30",4,Tablet,North,"Social Media",Fashion,0.00,Yes,Browse
SES00957,USR00957,"2025-10-05 00:43:05","2025-10-05 00:52:05",9,Tablet,West,"Google Ads",Beauty,0.00,Yes,Checkout
SES00958,USR00958,"2025-10-01 20:59:32","2025-10-01 21:06:32",7,Mobile,East,"Google Ads",Fashion,0.00,Yes,Checkout
SES00959,USR00959,"2025-10-29 20:42:47","2025-10-29 20:48:47",6,Desktop,West,"Social Media",Fashion,0.00,Yes,Checkout
SES00960,USR00960,"2025-10-18 10:49:12","2025-10-18 10:49:12",0,Mobile,North,"Google Ads",Beauty,0.00,Yes,Browse
SES00961,USR00961,"2025-10-09 21:56:50","2025-10-09 21:56:50",0,Tablet,South,"Google Ads",Sports,0.00,Yes,Browse
SES00962,USR00962,"2025-10-11 10:36:24","2025-10-11 10:45:24",9,Mobile,North,"Google Ads",Home,1890.73,No,Purchase
SES00963,USR00963,"2025-10-17 06:37:59","2025-10-17 06:46:59",9,Mobile,West,Organic,Sports,0.00,Yes,Checkout
SES00964,USR00964,"2025-10-06 21:34:06","2025-10-06 21:37:06",3,Desktop,West,Organic,Sports,0.00,Yes,Browse
SES00965,USR00965,"2025-10-28 01:31:55","2025-10-28 01:36:55",5,Mobile,South,Organic,Sports,0.00,Yes,Browse
SES00966,USR00966,"2025-10-15 08:57:36","2025-10-15 09:03:36",6,Mobile,South,Organic,Sports,299.33,No,Purchase
SES00967,USR00967,"2025-10-25 09:57:29","2025-10-25 09:57:29",0,Desktop,East,"Google Ads",Beauty,0.00,Yes,Browse
SES00968,USR00968,"2025-10-26 17:57:51","2025-10-26 18:07:51",10,Desktop,West,Organic,Fashion,1815.77,No,Purchase
SES00969,USR00969,"2025-10-07 13:02:00","2025-10-07 13:08:00",6,Tablet,North,Organic,Fashion,0.00,Yes,Checkout
SES00970,USR00970,"2025-10-19 02:58:42","2025-10-19 02:58:42",0,Desktop,North,Email,Home,0.00,Yes,Browse
SES00971,USR00971,"2025-10-18 13:53:24","2025-10-18 13:56:24",3,Mobile,East,Organic,Beauty,0.00,Yes,Browse
SES00972,USR00972,"2025-10-25 16:28:25","2025-10-25 16:38:25",10,Mobile,South,Organic,Home,974.68,No,Purchase
SES00973,USR00973,"2025-10-13 11:21:50","2025-10-13 11:23:50",2,Tablet,East,Email,Sports,0.00,Yes,Browse
SES00974,USR00974,"2025-10-10 18:21:26","2025-10-10 18:21:26",0,Mobile,West,"Social Media",Beauty,0.00,Yes,Browse
SES00975,USR00975,"2025-10-19 23:55:59","2025-10-20 00:05:59",10,Tablet,West,Email,Sports,0.00,Yes,Checkout
SES00976,USR00976,"2025-10-28 17:02:59","2025-10-28 17:09:59",7,Mobile,East,"Google Ads",Fashion,0.00,Yes,Checkout
SES00977,USR00977,"2025-10-19 12:19:05","2025-10-19 12:19:05",0,Tablet,East,"Social Media",Electronics,0.00,Yes,Browse
SES00978,USR00978,"2025-10-11 14:28:34","2025-10-11 14:36:34",8,Mobile,West,"Google Ads",Home,0.00,Yes,Checkout
SES00979,USR00979,"2025-10-25 10:03:05","2025-10-25 10:11:05",8,Desktop,South,"Google Ads",Sports,1998.51,No,Purchase
SES00980,USR00980,"2025-10-27 12:52:25","2025-10-27 13:02:25",10,Desktop,North,Email,Sports,497.87,No,Purchase
SES00981,USR00981,"2025-10-15 19:07:28","2025-10-15 19:18:28",11,Desktop,South,Email,Fashion,1773.25,No,Purchase
SES00982,USR00982,"2025-10-24 04:44:42","2025-10-24 04:44:42",0,Desktop,West,Email,Electronics,0.00,Yes,Browse
SES00983,USR00983,"2025-10-16 13:26:37","2025-10-16 13:34:37",8,Desktop,North,"Google Ads",Home,0.00,Yes,Checkout
SES00984,USR00984,"2025-10-24 13:57:31","2025-10-24 13:57:31",0,Desktop,South,"Google Ads",Electronics,0.00,Yes,Browse
SES00985,USR00985,"2025-10-25 11:46:24","2025-10-25 11:49:24",3,Desktop,North,"Google Ads",Beauty,0.00,Yes,Browse
SES00986,USR00986,"2025-10-19 15:03:33","2025-10-19 15:03:33",0,Desktop,West,"Google Ads",Electronics,0.00,Yes,Browse
SES00987,USR00987,"2025-10-08 04:41:39","2025-10-08 04:48:39",7,Mobile,West,Organic,Electronics,0.00,Yes,Checkout
SES00988,USR00988,"2025-10-29 20:06:38","2025-10-29 20:09:38",3,Mobile,East,Email,Fashion,0.00,Yes,Browse
SES00989,USR00989,"2025-10-25 23:34:07","2025-10-25 23:37:07",3,Desktop,South,"Google Ads",Fashion,0.00,Yes,Browse
SES00990,USR00990,"2025-10-29 18:13:08","2025-10-29 18:13:08",0,Tablet,North,Organic,Electronics,0.00,Yes,Browse
SES00991,USR00991,"2025-10-10 06:15:05","2025-10-10 06:21:05",6,Mobile,North,Organic,Beauty,0.00,Yes,Checkout
SES00992,USR00992,"2025-10-23 14:12:21","2025-10-23 14:12:21",0,Tablet,South,"Social Media",Home,0.00,Yes,Browse
SES00993,USR00993,"2025-10-19 15:19:07","2025-10-19 15:22:07",3,Desktop,East,"Google Ads",Sports,0.00,Yes,Browse
SES00994,USR00994,"2025-10-19 09:34:45","2025-10-19 09:45:45",11,Desktop,East,"Social Media",Fashion,1455.76,No,Purchase
SES00995,USR00995,"2025-10-24 04:46:24","2025-10-24 04:51:24",5,Desktop,South,Email,Beauty,0.00,Yes,Browse
SES00996,USR00996,"2025-10-28 13:19:31","2025-10-28 13:19:31",0,Tablet,South,"Google Ads",Electronics,0.00,Yes,Browse
SES00997,USR00997,"2025-10-08 04:01:32","2025-10-08 04:08:32",7,Mobile,West,Organic,Home,0.00,Yes,Checkout
SES00998,USR00998,"2025-10-06 21:55:07","2025-10-06 21:55:07",0,Tablet,West,Organic,Fashion,0.00,Yes,Browse
SES00999,USR00999,"2025-10-04 06:14:12","2025-10-04 06:17:12",3,Mobile,North,"Google Ads",Beauty,0.00,Yes,Browse
SES01000,USR01000,"2025-10-29 01:48:28","2025-10-29 01:48:28",0,Mobile,South,Email,Electronics,0.00,Yes,Browse
